post_id,content,images,Python,Java,JavaScript,C++,C#,PHP,Ruby,Swift,TypeScript,Go,Kotlin,Rust,Lua,Perl,SQL,HTML/CSS,R,MATLAB,Shell Scripting (Bash),Assembly Language,.NET,Python,Java,JavaScript,C++,C#,PHP,Ruby,Swift,TypeScript,Go,Kotlin,Rust,Lua,Perl,SQL,HTML/CSS,R,MATLAB,Shell Scripting (Bash),Assembly Language,.NET
2860805674086393,"CÃ´ng ty IT vá»«a thÃ nh láº­p ná»­a nÄƒm cáº§n tuyá»ƒn key member chuyÃªn Web develop!!\nLÆ°Æ¡ng upto 40M, lÆ°Æ¡ng thÃ¡ng 13, thÆ°á»Ÿng theo nÄƒng lá»±c.",[],0,0,0,0,0,0,0,0,0,0,0,0,0,0,0,0,1,0,0,0,0,0,0,0,0,0,0,0,0,0,0,0,0,0,0,0,0,1,0,0,0,0
2860831754083785,"FSoft DN tuyá»ƒn 10 báº¡n Fresher Java, yÃªu cáº§u cÃ³ N5+, offer theo nÄƒng lá»±c\nğŸ“© ViHL1@fpt.com",[],0,1,0,0,0,0,0,0,0,0,0,0,0,0,0,0,1,0,0,0,0,0,1,0,0,0,0,0,0,0,0,0,0,0,0,0,0,1,0,0,0,0
2860826804084280,"NÄƒm nay Huá»‡ váº«n focus chÃ­nh cho thá»‹ trÆ°á»ng Nháº­t, HÃ n vá»›i cÃ¡c vá»‹ trÃ­ bÃªn dÆ°á»›i. Äáº·c biá»‡t 1 sá»‘ job cÃ³ thá»ƒ lÃ m Remote, hoáº·c kÃ½ HÄ dá»‹ch vá»¥ (khÃ´ng Ä‘Ã³ng báº£o hiá»ƒm), há»— trá»£ háº¿t má»©c cho anh chá»‹ em senior yÃªn tÃ¢m lÃ m viá»‡c.\nğŸ˜ Æ¯ğ® Ä‘Ã£ğ¢ Ä‘áº·ğœ ğ›ğ¢á»‡ğ­ ğÃ ğ§ğ¡ ğœğ¡ğ¨ ğœÃ¡ğ§ ğ›á»™ ğœáº¥ğ© ğœğšğ¨:\nâ€¢ ChÃ­nh sÃ¡ch chuyá»ƒn vÃ¹ng lÃªn Ä‘áº¿n 100 triá»‡u (dÃ nh cho á»©ng viÃªn tá»« HÃ  Ná»™i/HCM vá» miá»n trung lÃ m viá»‡c, cá»¥ thá»ƒ vá» cÃ¡c chi nhÃ¡nh: F.ÄÃ  Náºµng, F.Quy NhÆ¡n, F-Huáº¿)\nâ€¢ ChÃ­nh sÃ¡ch há»— trá»£ vay vá»›i lÃ£i suáº¥t tháº¥p: lÃ£i suáº¥t 4% (gÃ³i 1 â€“ 2 tá»· Ä‘á»“ng).\nâ€¢ ChÃ­nh sÃ¡ch mua cÄƒn há»™ chung cÆ° cao cáº¥p vá»›i giÃ¡ Æ°u Ä‘Ã£i.\nvÃ  nhiá»u benefits khÃ¡c cá»§a FPT.\nğŸ˜ Inb cho Huá»‡ Ä‘á»ƒ Ä‘Æ°á»£c tÆ° váº¥n thÃªm nha.\n#Fsoft\n#fpt\n#Danang\n#HaNoi\n#HCM\n#VieclamIT\n#Remote_job",[],0,0,0,0,0,0,0,0,0,0,0,0,0,0,0,0,1,0,0,0,0,0,0,0,0,0,0,0,0,0,0,0,0,0,0,0,0,1,0,0,0,0
2860811604085800,"NÄƒm nay IT tuyá»ƒn dá»¥ng sÃ´i Ä‘á»™ng nhá»‰ , tá»« Cam, phi cho Ä‘áº¿n sing máº½o , thá»‹ trÆ°á»ng uptrend láº¡i rá»“i ae ?",[],0,0,0,0,0,0,0,0,0,0,0,0,0,0,0,0,1,0,0,0,0,0,0,0,0,0,0,0,0,0,0,0,0,0,0,0,0,1,0,0,0,0
2856070594559901,"[Axon Active] á» Ä‘Ã¢y cÃ³ job JAVA siÃªu xá»‹n ğŸŒŸ\nâ€¼ï¸ Dá»± Ã¡n lÃ m vá» BPMN (quáº£n lÃ½ nÄƒng lÆ°á»£ng) bÃªn mÃ¬nh Ä‘ang má»Ÿ rá»™ng thÃªm quy mÃ´, ráº¥t cáº§n cÃ¡c báº¡n Java tá»« 3 nÄƒm kinh nghiá»‡m, Eng cool cÃ¹ng gia nháº­p â€¼ï¸\nCÃC Báº N Sáº¼ NHáº¬N ÄÆ¯á»¢C:\nLÃ m viá»‡c trá»±c tiáº¿p vá»›i khÃ¡ch hÃ ng Ã‚u Má»¹\nMá»©c lÆ°Æ¡ng cáº¡nh tranh & lÆ°Æ¡ng thÃ¡ng 13\n100% lÆ°Æ¡ng trong thá»i gian thá»­ viá»‡c\nÄÃ³ng BHXH full lÆ°Æ¡ng\nKhÃ´ng OT, work-life balance\nBáº£o hiá»ƒm sá»©c khá»e cao cáº¥p miá»…n phÃ­ cho báº¡n vÃ  ngÆ°á»i thÃ¢n\nThá»i gian lÃ m viá»‡c linh hoáº¡t, lÃªn tá»›i 18 ngÃ y phÃ©p nÄƒm\nWFH 1 ngÃ y/tuáº§n\nCung cáº¥p bá»¯a trÆ°a miá»…n phÃ­\nNhÃ  tráº» miá»…n phÃ­ cho con báº¡n\nCÆ¡ há»™i onsite á»Ÿ ChÃ¢u Ã‚u\nâ€¦.",[],0,1,0,0,0,0,0,0,0,0,0,0,0,0,0,0,1,0,0,0,0,0,1,0,0,0,0,0,0,0,0,0,0,0,0,0,0,1,0,0,0,0
2858260037674290,"NALS cáº§n láº¯m sá»± há»™i tá»¥ cá»§a cÃ¡c Middle RoRs, .NET, Java, Angular cho loáº¡t dá»± Ã¡n lá»›n trong T3-T4 nÃ y.\nMn qtÃ¢m job cá»© ping cho e nhÃ©ğŸ˜‰",[],0,1,0,0,0,0,0,0,0,0,0,0,0,0,0,0,1,0,0,0,1,0,1,0,0,0,0,0,0,0,0,0,0,0,0,0,0,1,0,0,0,1
,"â€œMuá»‘n thÃ¬ sáº½ tÃ¬m cÃ¡ch, khÃ´ng muá»‘n sáº½ tÃ¬m lÃ­ do.â€",[],0,0,0,0,0,0,0,0,0,0,0,0,0,0,0,0,0,0,0,0,0,0,0,0,0,0,0,0,0,0,0,0,0,0,0,0,0,0,0,0,0,0
2860731854093775,"HÃ´m nay trá»i náº¯ng, cty mÃ¬nh cáº§n gáº¥p 2 báº¡n frontend dev vÃ  backend dev remote.\n>6 thÃ¡ng kinh nghiá»‡m.\nLÆ°Æ¡ng thá»a thuáº­n",[],0,0,0,0,0,0,0,0,0,0,0,0,0,0,0,0,1,0,0,0,0,0,0,0,0,0,0,0,0,0,0,0,0,0,0,0,0,1,0,0,0,0
,Anh chá»Ÿ em Ä‘i Äƒn kem nÃ¨,[],0,0,0,0,0,0,0,0,0,0,0,0,0,0,0,0,0,0,0,0,0,0,0,0,0,0,0,0,0,0,0,0,0,0,0,0,0,0,0,0,0,0
2858245014342459,"ï¸ğŸ”¥ğŸ”¥ğŸ”¥Hot! Hot! Hot!\n[ÄN] IRTECH Ä‘ang tÃ¬m ngÆ°á»i Ä‘á»“ng hÃ nh táº¡i vá»‹ trÃ­ JAVA DEVELOPER LEVEL MIDDLE & SENIOR ...\nNhanh tay ná»™p ngay CV Ä‘á»ƒ vÃ o nhÃ  chung IRTECH nÃ o!!\nï¸ğŸ¯ğ˜ğ„Ì‚ğ” ğ‚ğ€Ì‚Ì€ğ”\nâš¡ 3 nÄƒm trá»Ÿ lÃªn lÃ m viá»‡c vá»›i Java Core, Java frameworks (Spring Framework, Spring Bootâ€¦).\nâš¡ Kiáº¿n thá»©c vÃ  kinh nghiá»‡m lÃ m viá»‡c vá»›i Thymeleaf, SQL, Jquery, JasperReports, Vue, Javascript, Typescript, Docker, Linux system\nâš¡ Kinh nghiá»‡m vá» business trong lÄ©nh vá»±c Logistics, cáº£ng biá»ƒn\nğŸ¯ğğ”ğ˜ğ„Ì‚Ì€ğ ğ‹ğÌ›Ì£ğˆ\nMá»©c lÆ°Æ¡ng : thÆ°Æ¡ng lÆ°á»£ng\nThÆ°á»Ÿng thÃ¡ng lÆ°Æ¡ng thá»© 13, thÆ°á»Ÿng dá»± Ã¡n\nXÃ©t tÄƒng lÆ°Æ¡ng 2 láº§n/nÄƒm theo nÄƒng lá»±c vÃ  hiá»‡u quáº£ cÃ´ng viá»‡c\nNhanh tay ib mÃ¬nh Ä‘á»ƒ nháº­n JD cÃ¡c báº¡n nhÃ©!",[],0,1,1,0,0,0,0,0,1,0,0,0,0,0,1,0,1,0,0,0,0,0,1,1,0,0,0,0,0,1,0,0,0,0,0,1,0,1,0,0,0,0
,"Phong cÃ¡ch Ä‘á»©ng Ä‘Ã¨n xanh Ä‘Ã¨n Ä‘á» cá»§a vÃ i anh xe khÃ¡ch, gáº·p máº¥y bÃ¡c xe khÃ¡ch lÃ¹i rá»“i thÃ¬ cÃ³ nhÆ°á»ng khÃ´ng?\n_ _ _ _\nThÃ nh viÃªn cÃ³ Video clip tÃ¬nh huá»‘ng hay vá» giao thÃ´ng cÃ³ thá»ƒ gá»­i vÃ o Inbox cá»§a Page Ä‘á»ƒ Ad Ä‘Äƒng táº£i vÃ  chia sáº» rá»™ng nhÃ©!",[],0,0,0,0,0,0,0,0,0,0,0,0,0,0,0,0,1,0,0,0,0,0,0,0,0,0,0,0,0,0,0,0,0,0,0,0,0,1,0,0,0,0
2858838264283134,"Thay máº·t MOR Software, xin chÃºc toÃ n thá»ƒ chá»‹ em trong group má»™t ngÃ y 8/3 vui váº», áº¥m Ã¡p tÃ¬nh cáº£m cá»§a anh em Ä‘á»“ng nghiá»‡p. ChÃºc chá»‹ em chÃºng mÃ¬nh mÃ£i luÃ´n xinh Ä‘áº¹p ráº¡ng rá»¡! ğŸ¥°ğŸ˜â¤\nNhÃ¢n tiá»‡n, em cÃ³ má»™t sá»‘ vá»‹ trÃ­ Ä‘ang open, cáº£ nhÃ  xem tháº¥y phÃ¹ há»£p thÃ¬ apply, chÆ°a thÃ¬ ping pong em cho nhá»™n nhá»‹p ngÃ y lá»… cÅ©ng Ä‘Æ°á»£c hen ğŸ˜ğŸ˜\nğŸŒ³ JAVA DEVELOPER\nğŸŒ³ PYTHON DEVELOPER\nğŸŒ³ NODEJS DEVELOPER\nğŸŒ³ FULLSTACK (Java/C#, Angular/React/Vuejs)\nğŸŒ³ PROJECT MANAGER\nPing em Ä‘i em gá»­i JD cho rá»“i gá»­i láº¡i em CV hoáº·c refer CV cho em cÅ©ng Ä‘Æ°á»£c nhen ğŸ˜\nSkype: datuyet2811\nMail: tuyet.tld@mor.com.vn",[],1,1,0,0,1,0,0,0,0,0,0,0,0,0,0,0,1,0,0,0,0,1,1,0,0,1,0,0,0,0,0,0,0,0,0,0,0,1,0,0,0,0
,"CÅ©ng lÃ  sáº¯c xanh nhÆ°ng kiá»ƒu tÃ³c khÃ¡c, tÃ´i thÃ­ch kiá»ƒu nÃ y ~\ncr: æ ‘çŸ¥æ¶©",[],0,0,0,0,0,0,0,0,0,0,0,0,0,0,0,0,1,0,0,0,0,0,0,0,0,0,0,0,0,0,0,0,0,0,0,0,0,1,0,0,0,0
2860795397420754,"Dá»° ÃN Vá»€!\nRikkei ÄÃ  Náºµng tuyá»ƒn 10 PHP, 10 Java (cÃ³ biáº¿t FE lÃ  lá»£i tháº¿)\nIb em tÆ° váº¥n job nhÃ© áº¡",[],0,1,0,0,0,1,0,0,0,0,0,0,0,0,0,0,1,0,0,0,0,0,1,0,0,0,1,0,0,0,0,0,0,0,0,0,0,1,0,0,0,0
,ğŸŒºÄam mÃª káº¿t ná»‘i má»i khoáº£ng cÃ¡chğŸŒº Sá»± gÃ³p máº·t cá»§a Teams Háº£i PhÃ²ng - HÃ  Ná»™i - Háº¡ Long - HÃ  Nam - HÆ°ng YÃªn - Báº¯c Ninh- Báº¯c Giang - BÃ¬nh DÆ°Æ¡ng - Äáº¯c Láº¯k - Gia Lai táº¡i thÃ nh phá»‘ Láº¡ng SÆ¡n.ğŸŒ¸ Shuffle Dance Sá»©c Sá»‘ng Má»›i xin cáº£m Æ¡n cÃ¡c anh chá»‹ em cÃ¡c team SSM á»Ÿ cÃ¡c tá»‰nh thÃ nh cÃ¹ng chung vui hai ngÃ y qua nhÆ°...\nXem thÃªm,[],0,0,0,0,0,0,0,0,0,0,0,0,0,0,0,0,0,0,0,0,0,0,0,0,0,0,0,0,0,0,0,0,0,0,0,0,0,0,0,0,0,0
2859528967547397,"Äá»ƒ cÃ³ thÃªm "" kiáº¿n thá»©c, tráº£i nghiá»‡m, kinh nghiá»‡m"" thÃ¬ apply ngay vÃ o CMC, vá»›i cÃ¡c job Ä‘ang open sau:\nPHP/ JAVA/ TESTER/ REACTJS  ğŸ¤¤ğŸ¤¤\nCÃ“ TIáº¾NG ANH/ TIáº¾NG ANH CÆ  Báº¢N\nLÆ°Æ¡ng háº¥p dáº«n, cÃ¹ng vÃ´ vÃ n benefit xá»‹n\n+14 thÃ¡ng lÆ°Æ¡ng + 16M tiá»n thÆ°á»Ÿng cá»‘ Ä‘á»‹nh háº±ng nÄƒm + bonus dá»± Ã¡n + 2 thÃ¡ng thá»­ viá»‡c full lÆ°Æ¡ng ğŸ¤‘ğŸ¤‘ğŸ¤‘ğŸ¤‘",[],0,1,0,0,0,1,0,0,0,0,0,0,0,0,0,0,1,0,0,0,0,0,1,0,0,0,1,0,0,0,0,0,0,0,0,0,0,1,0,0,0,0
,Náº¿u nhÆ° khÃ´ng Äá»§ sá»©c Äá»ƒ Äáº©y con thuyá»n to thÃ¬ hÃ£y nghÄ© ngÆ¡i. Chá» cÆ¡n giÃ³ lá»›n Äáº¿n mÆ°á»£n giÃ³ Äá»ƒ Äáº©y thuyá»n Ä‘i,[],0,0,0,0,0,0,0,0,0,0,0,0,0,0,0,0,0,0,0,0,0,0,0,0,0,0,0,0,0,0,0,0,0,0,0,0,0,0,0,0,0,0
2860838704083090,"#FSOFTCareers SIGNING BONUS Háº¤P DáºªN DÃ€NH CHO TESTER Táº I IVS.DN LÃŠN Äáº¾N 40M CHO UV Tá»ª 2 NÄ‚M KINH NGHIá»†M - NGOáº I NGá»® Tá»T\n- Nháº­n ngay thÆ°á»Ÿng signing bonus lÃªn Ä‘áº¿n 40M cÃ¹ng thu nháº­p xá»©ng táº§m nÄƒng lá»±c\n- CÆ¡ há»™i onsite vÃ  lÃ m viá»‡c trá»±c tiáº¿p vá»›i cÃ¡c Ä‘á»“ng nghiá»‡p tÃ i nÄƒng trÃªn toÃ n cáº§u\n- GÃ³i há»— trá»£ chuyá»ƒn vÃ¹ng lÃªn Ä‘áº¿n 100 triá»‡u Ä‘á»“ng cho á»©ng viÃªn tá»« HÃ  Ná»™i/Há»“ ChÃ­ Minh chuyá»ƒn vá» ÄÃ  Náºµng\n- Tráº£i nghiá»‡m dá»± Ã¡n khÃ´ng chá»‰ pháº§n má»m trÃªn Ä‘iá»‡n thoáº¡i, mÃ¡y tÃ­nh, táº¡i IVS chÃºng tÃ´i Ä‘áº£m báº£o cháº¥t lÆ°á»£ng cho cÃ¡c thiáº¿t bá»‹ cáº£m biáº¿n trÃªn Ã´ tÃ´, dáº«n Ä‘Æ°á»ngâ€¦ Ä‘á»ƒ Ä‘áº£m báº£o an toÃ n cho ngÆ°á»i dÃ¹ng\n- CÃ³ cÆ¡ há»™i level up vá» ká»¹ nÄƒng management, ká»¹ nÄƒng quáº£n lÃ½\n- PhÃºc lá»£i toÃ n diá»‡n cho nhÃ¢n viÃªn vÃ  ngÆ°á»i thÃ¢n: ChÃ­nh sÃ¡ch há»— trá»£ mua nhÃ , Æ°u Ä‘Ã£i há»c phÃ­ cho con em táº¡i FPT Schools, FPT Care chÄƒm sÃ³c sá»©c khá»e\ná»¨ng tuyá»ƒn ngay náº¿u báº¡n:\nâœ…CÃ³ tá»« 2 nÄƒm kinh nghiá»‡m lÃ m viá»‡c kiá»ƒm thá»­ pháº§n má»m\nâœ…Giao tiáº¿p tá»‘t má»™t trong cÃ¡c ngoáº¡i ngá»¯: Tiáº¿ng Anh, Tiáº¿ng Nháº­t, Tiáº¿ng HÃ n Ä‘á»ƒ tham gia nhiá»u dá»± Ã¡n quá»‘c táº¿.\nCÆ¡ há»™i phÃ¡t triá»ƒn sá»± nghiá»‡p rá»™ng má»Ÿ hÆ¡n bao giá» háº¿t, gia nháº­p cÃ¹ng FPT Software táº¡i ÄÃ  Náºµng ngay hÃ´m nay báº±ng cÃ¡ch gá»­i CV vá» email NganLTQ@fpt.com",[],0,0,0,0,0,0,0,0,0,1,0,0,0,0,0,0,1,0,0,0,0,0,0,0,0,0,0,0,0,0,1,0,0,0,0,0,0,1,0,0,0,0
,Báº¡ch Cá»‘t Tinh Ä‘Ã¹a giá»¡n TÃ´n Ngá»™ KhÃ´ng láº§n 1.\n-----\nTÃ¢y Du Tuá»‡ Káº»\n#taydutueke\n-------\nXÆ°á»Ÿng Truyá»‡n Viá»‡t-NÆ¡i cÃ¡c báº¡n cÃ³ thá»ƒ Ä‘á»c truyá»‡n cá»§a ngÆ°á»i Viá»‡t tráº» váº½:\nhttps://www.facebook.com/groups/xuongtruyentranh,[],0,0,0,0,0,0,0,0,0,0,0,0,0,0,0,0,1,0,0,0,0,0,0,0,0,0,0,0,0,0,0,0,0,0,0,0,0,1,0,0,0,0
2860834360750191,"FPT Software ÄÃ  Náºµng cáº§n tuyá»ƒn 10 fresher java, y/c ngoáº¡i ngá»¯ tiáº¿ng Nháº­t tá»‘i thiá»ƒu N5\nğŸ’Œ:Tramltt2@fpt.com",[],0,1,0,0,0,0,0,0,0,1,0,0,0,0,0,0,1,0,0,0,0,0,1,0,0,0,0,0,0,0,1,0,0,0,0,0,0,1,0,0,0,0
,"7 pháº§n báº¥t lá»±c, 93 pháº§n nuÃ´ng chiá»uğŸ’“",[],0,0,0,0,0,0,0,0,0,0,0,0,0,0,0,0,0,0,0,0,0,0,0,0,0,0,0,0,0,0,0,0,0,0,0,0,0,0,0,0,0,0
2860802614086699,Fsoft 3 miá»n Ä‘ang tuyá»ƒn cÃ¡c jobs sau\nIb Phá»¥ng nháº­n thÃ´ng tin nhÃ© áº¡\n---\n#fsoft #danang #hue #quynhon #hanoi #hcmc,[],0,0,0,0,0,0,0,0,0,0,0,0,0,0,0,0,0,0,0,0,0,0,0,0,0,0,0,0,0,0,0,0,0,0,0,0,0,0,0,0,0,0
,ThiÃªn tháº§n sÃ¢n cá» ğŸ¥°ğŸ¥°ğŸ¥°,[],0,0,0,0,0,0,0,0,0,0,0,0,0,0,0,0,0,0,0,0,0,0,0,0,0,0,0,0,0,0,0,0,0,0,0,0,0,0,0,0,0,0
2860823784084582,"R500 - RIKKEISOFT Cáº¦N TUYá»‚N 50 NHÃ‚N Sá»° TRONG THÃNG 3 NÃ€Y ğŸ”¥ğŸ”¥ğŸ”¥\nâœ” MÃ´i trÆ°á»ng lÃ m viá»‡c Ä‘a dáº¡ng (lÃ m vá»›i KH Global vÃ  Nháº­t)\nâœ” 13 thÃ¡ng lÆ°Æ¡ng + thÆ°á»Ÿng dá»± Ã¡n hÃ ng thÃ¡ng\nâœ” Checkpoint 2 láº§n/ 1 nÄƒm\nâœ” ThÆ°á»Ÿng táº¿t, thÆ°á»Ÿng ngÃ y lá»…, thÆ°á»Ÿng giá»›i thiá»‡u nhÃ¢n sá»±,...\nâœ” Há»— trá»£ chi phÃ­ cho nhÃ¢n viÃªn thi cÃ¡c chá»©ng chá»‰ + thÆ°á»Ÿng nÃ³ng khi cÃ³ chá»©ng chá»‰\nâœ” Kiá»ƒm tra sá»©c khá»e hÃ ng nÄƒm + báº£o hiá»ƒm sá»©c khá»e cao cáº¥p\nâœ” PV 1 vÃ²ng, khÃ´ng thá»­ viá»‡c, offer cáº¡nh tranh\nğŸ‘‰ IB mÃ¬nh Ä‘á»ƒ trao Ä‘á»•i thÃªm thÃ´ng tin chi tiáº¿t nhÃ©. Sáºµn sÃ ng tÆ° váº¥n 24/7 qua fb or skype: Dieu Hien HR ğŸ’–ğŸ’–ğŸ’–",[],0,0,0,0,0,0,0,0,0,0,0,0,0,0,0,0,1,0,0,0,0,0,0,0,0,0,0,0,0,0,0,0,0,0,0,0,0,1,0,0,0,0
,Con Ä‘Æ°á»ng lÃ  do báº£n thÃ¢n lá»±a chá»n .\nDÃ¹ cÃ³ chÃ´ng gai cÅ©ng pháº£i Ä‘i cho háº¿t !,[],0,0,0,0,0,0,0,0,0,0,0,0,0,0,0,0,0,0,0,0,0,0,0,0,0,0,0,0,0,0,0,0,0,0,0,0,0,0,0,0,0,0
2860789194088041,"[ÄÃ  Náºµng] Glory Tuyá»ƒn dá»¥ng Scrum Master ~ 1 nÄƒm KN\nTiáº¿ng Anh tá»‘t, offer háº¥p dáº«n\nIB Ä‘á»ƒ nháº­n JD hoáº·c gá»­i CV vá» mail: uyen.ltt@3si.vn",[],0,0,0,0,0,0,0,0,0,0,0,0,0,0,0,0,1,0,0,0,0,0,0,0,0,0,0,0,0,0,0,0,0,0,0,0,0,1,0,0,0,0
,[Hot search Weibo] Concert cá»§a IU hiá»‡n Ä‘ang lÃ  chá»§ Ä‘á» tÃ¬m kiáº¿m nÃ³ng cá»§a cÆ° dÃ¢n máº¡ng vÃ  ngÆ°á»i hÃ¢m má»™.ğŸ’,[],0,0,0,0,0,0,0,0,0,0,0,0,0,0,0,0,1,0,0,0,0,0,0,0,0,0,0,0,0,0,0,0,0,0,0,0,0,1,0,0,0,0
2860819090751718,TÃ¬m kiáº¿m Fresher - Junior C/C++ Developer cÃ³ tá»« 6 thÃ¡ng - 1 nÄƒm kn dá»± Ã¡n thá»±c táº¿. Ib Ly gá»­i JD chi tiáº¿t má»i ngÆ°á»i nha!,[],0,0,0,1,0,0,0,0,0,0,0,0,0,0,0,0,1,0,0,0,0,0,0,0,1,0,0,0,0,0,0,0,0,0,0,0,0,1,0,0,0,0
,"Trai tinh táº¿ khÃ´ng lo bá»‹ áº¿\n-.. ..- .. / . -- / .- -.-- / -.- .. .-\nTwitter/X: @maton_3110\nSeries: Blue Archive\nBÃ i Ä‘Äƒng Ä‘Ã£ cÃ³ sá»± cho phÃ©p, khÃ´ng nÃªn reup, khÃ´ng sá»­ dá»¥ng vÃ o má»¥c Ä‘Ã­ch thÆ°Æ¡ng máº¡i",[],0,0,0,0,0,0,0,0,0,0,0,0,0,0,0,0,1,0,0,0,0,0,0,0,0,0,0,0,0,0,0,0,0,0,0,0,0,1,0,0,0,0
2858783550955272,"ThÃ¡ch thá»©c báº£n thÃ¢n vá»›i vá»‹ trÃ­ \nPHP/ Java/ Tester/ ReactJS  ğŸ¤¤ğŸ¤¤\ntrong Ä‘á»™i ngÅ© IT nhÃ  CMC nÃ o!!! \nLÆ°Æ¡ng háº¥p dáº«n, cÃ¹ng vÃ´ vÃ n benefit xá»‹n\n+14 thÃ¡ng lÆ°Æ¡ng + 16M tiá»n thÆ°á»Ÿng cá»‘ Ä‘á»‹nh háº±ng nÄƒm + bonus dá»± Ã¡n + 2 thÃ¡ng thá»­ viá»‡c full lÆ°Æ¡ng ğŸ¤‘ğŸ¤‘ğŸ¤‘ğŸ¤‘",[],0,1,0,0,0,1,0,0,0,0,0,0,0,0,0,0,1,0,0,0,0,0,1,0,0,0,1,0,0,0,0,0,0,0,0,0,0,1,0,0,0,0
,Sá»‘ng thÃ¬ pháº£i cÃ³ ká»· luáº­t vÃ  Ä‘áº·t má»¥c tiÃªu cho báº£n thÃ¢n â™¥ï¸,[],0,0,0,0,0,0,0,0,0,0,0,0,0,0,0,0,0,0,0,0,0,0,0,0,0,0,0,0,0,0,0,0,0,0,0,0,0,0,0,0,0,0
2860787580754869,"[Fulltime remote, cÃ³ BHXH] Em cáº§n Nodejs Developer tá»« 8 nÄƒm kinh nghiá»‡m, tiáº¿ng Anh fluent cho offer max 70M gross ğŸ’¡ Ib em gá»­i JD",[],0,0,0,0,0,0,0,0,0,0,0,0,0,0,0,0,1,0,0,0,0,0,0,0,0,0,0,0,0,0,0,0,0,0,0,0,0,1,0,0,0,0
,"Äá»c fic xong tháº¥y Ä‘á»™ sáº¿n anh Gá»§ trong fic khÃ´ng báº±ng Ä‘á»™ sáº¿n cá»§a áº£nh ngoÃ i Ä‘á»i ğŸ˜”\nLÃ  do chÃºng ta khÃ´ng nghÄ© ra Ä‘Æ°á»£c áº£nh sáº½ nÃ³i tá»›i cÃ¡i gÃ¬ :( vÃ­ dá»¥ nhÆ° ""tiá»n tÃ i danh vá»ng tá»› Ä‘á»u sáº½ cho cáº­u""",[],0,0,0,0,0,0,0,0,0,1,0,0,0,0,0,0,1,0,0,0,0,0,0,0,0,0,0,0,0,0,1,0,0,0,0,0,0,1,0,0,0,0
2854758284691132,"[SÆ¡n TrÃ , ÄN] TÃ¬m Fullstack Symfony Developer tá»« 3-5 nÄƒm kinh nghiá»‡m, cÃ³ KN vá»›i Vuejs. Tiáº¿ng Anh tá»‘t cho offer up to 98 ğŸ ",[],0,0,0,0,0,0,0,0,0,0,0,0,0,0,0,0,1,0,0,0,0,0,0,0,0,0,0,0,0,0,0,0,0,0,0,0,0,1,0,0,0,0
,"MÃ¬nh thÃ­ch cáº£m giÃ¡c Ä‘i lang thang má»™t mÃ¬nh vÃ o buá»•i tá»‘i .\nKhÃ´ng ai nhÃ¬n rÃµ mÃ¬nh , cÃ²n mÃ¬nh cÃ³ thá»ƒ nhÃ¬n tháº¥u báº£n thÃ¢n !",[],0,0,0,0,0,0,0,0,0,0,0,0,0,0,0,0,1,0,0,0,0,0,0,0,0,0,0,0,0,0,0,0,0,0,0,0,0,1,0,0,0,0
2860774447422849,"GLORY SOFTWARE VIETNAM TUYá»‚N Dá»¤NG FRESHER NESTJS/NODEJS ğŸ¤©ğŸ¤©ğŸ¤©\nNáº¿u cÃ¡c báº¡n Ä‘ang bÄƒn khoÄƒn tÃ¬m kiáº¿m má»™t mÃ´i trÆ°á»ng nÄƒng Ä‘á»™ng thoáº£i mÃ¡i vÃ  há»c há»i Ä‘Æ°á»£c nhiá»u Ä‘iá»u Ä‘á»ƒ nÃ¢ng cao ká»¹ nÄƒng Ä‘á»ƒ cÃ³ thá»ƒ trang bá»‹ thÃªm nhiá»u kinh nghiá»‡m khi vá»«a ra trÆ°á»ng thÃ¬ Ä‘á»«ng bá» qua Ä‘á»£t tuyá»ƒn dá»¥ng Fresher/Junior cá»§a CÃ´ng Ty GLORY SOFTWARE VIETNAM nhÃ©!\nCÃ¡c báº¡n quan tÃ¢m Ä‘áº¿n vá»‹ trÃ­ Fresher/Junior hÃ£y Ä‘á»c qua cÃ¡c chÃ­nh sÃ¡ch cháº¿ Ä‘á»™ vÃ  Ä‘iá»n thÃ´ng tin Ä‘Äƒng kÃ½ vÃ o form bÃªn dÆ°á»›i nhÃ© ğŸ‘‡ğŸ‘‡ğŸ‘‡\nhttps://docs.google.com/forms/d/e/1FAIpQLScIlMUihyyuoABzTTE1JVu6tHFUiY0VurZVZDZPMSLpbgXqnA/viewform?usp=pp_url\nCÃ²n cháº§n chá» gÃ¬ ná»¯a, Ä‘Äƒng kÃ½ ngay thÃ´i nÃ o ğŸ¤©\nLÆ°u Ã½: BÃªn mÃ¬nh chá»‰ nháº­n cÃ¡c báº¡n Ä‘Ã£ ra trÆ°á»ng hoáº·c sinh viÃªn cÃ³ thá»ƒ lÃ m full time tá»« thá»© 2 Ä‘áº¿n thá»© 6 nhÃ©!\nNáº¿u cÃ³ tháº¯c máº¯c hoáº·c cáº§n há»— trá»£ thÃ¬ Ä‘á»«ng ngáº§n ngáº¡i liÃªn há»‡ ngay vá»›i HR thÃ¢n thiá»‡n nhÃ©!\n-----------------\nEmail: uyen.ltt@3si.vn\nZalo: 0386052315",[],0,0,0,0,0,0,0,0,0,1,0,0,0,0,0,0,1,0,0,0,0,0,0,0,0,0,0,0,0,0,1,0,0,0,0,0,0,1,0,0,0,0
,Thá»i tiáº¿t mÃ  tÃ´i thÃ­ch:,[],0,0,0,0,0,0,0,0,0,0,0,0,0,0,0,0,0,0,0,0,0,0,0,0,0,0,0,0,0,0,0,0,0,0,0,0,0,0,0,0,0,0
2860363647463929,"ğŸ”¥ EST ROUGE ÄÃ€ Náº´NG TUYá»‚N Dá»¤NG LEVEL Tá»ª FRESHER ğŸ”¥\ná»¨ng viÃªn Æ¡i, hÃ£y xáº¯n tay Ã¡o lÃªn vÃ  update má»™t chiáº¿c CV tháº­t xá»‹n xÃ² Ä‘á»ƒ báº¯t láº¥y cÆ¡ há»™i ""lÃ m má»›i mÃ¬nh"" nhağŸ”¥\n=======\nList job Ä‘ang open, yÃªu cáº§u tá»« 2-3 nÄƒm kn trá»Ÿ lÃªn:\nğŸ€ ğŸğŸ ğ€ğğ«ğ¨ğ¬ğ©ğšğœğ - ğˆğğ“ ğ„ğ§ğ ğ¢ğ§ğğğ« (ğ€ğ¥ğ¥ ğ¥ğğ¯ğğ¥ğ¬ - ğ…ğ«ğğ¬ğ¡ğğ«, ğ‰ğ®ğ§ğ¢ğ¨ğ« ğ¬ğÌƒ Ä‘ğ®Ì›ğ¨Ì›Ì£ğœ Ä‘ğšÌ€ğ¨ ğ­ğšÌ£ğ¨)\nğŸ€ ğŸğŸ ğ€ğˆ ğ„ğ§ğ ğ¢ğ§ğğğ«ğ¬ (ğ‰ğ®ğ§ğ¢ğ¨ğ« ğ®ğ©)\nğŸ€ ğŸğŸ ğ‘&ğƒ ğ„ğ§ğ ğ¢ğ§ğğğ«ğ¬ (ğ‰ğ®ğ§ğ¢ğ¨ğ« ğ®ğ©)\nğŸ€ ğŸğŸ ğƒğšğ­ğš ğ„ğ§ğ ğ¢ğ§ğğğ«ğ¬ (ğ‰ğ®ğ§ğ¢ğ¨ğ« ğ®ğ©)\nğŸ€ ğŸğŸ ğğ/ğğŒ (ğŒğ¢ğğğ¥ğ ğ®ğ©)\nğŸ€ ğŸğŸ ğˆğ“ ğ‚ğ¨ğ¦ğ¦ğ®ğ§ğ¢ğœğšğ­ğ¨ğ«ğ¬ (ğğŸ)\nğŸ€ ğŸğŸ‘ ğğšğœğ¤ğğ§ğ ğ„ğ§ğ ğ¢ğ§ğğğ«ğ¬ (ğŒğ¢ğğğ¥ğ-ğ®ğ©)\nğŸ€ ğŸğŸ ğŒğšğ§ğ®ğšğ¥ ğ“ğğ¬ğ­ğğ«ğ¬ (ğŒğ¢ğğğ¥ğ-ğ®ğ©)\nğŸ€ ğŸğŸ ğ“ğğ¬ğ­ ğ‹ğğšğğğ« (ğŒğ¢ğğğ¥ğ-ğ®ğ©)\n-------\nğ„ğ¬ğ­ ğ«ğ¨ğ®ğ ğ cÃ³ gÃ¬?\n- KhÃ´ng gian vÃ  thá»i gian lÃ m viá»‡c thÃ¢n thiá»‡n, linh hoáº¡t vÃ  cá»Ÿi má»Ÿ, nÆ¡i báº¡n cÃ³ thá»ƒ giáº£i toáº£ cÄƒng tháº³ng vá»›i sÃ¢n chÆ¡i billiards vÃ  nhiá»u tiá»‡n Ã­ch khÃ¡c\n- GÃ³i báº£o hiá»ƒm ER CARE dÃ nh riÃªng cho nhÃ¢n viÃªn ER\n- Mindfulness workshop/class\n- Open Talk sharings; Company parties;..\n- Review lÆ°Æ¡ng 2 láº§n/nÄƒm\n- 12 ngÃ y nghá»‰ phÃ©p cÃ³ lÆ°Æ¡ng\n- ThÆ°á»Ÿng cuá»‘i nÄƒm\n- GÃ³i Personalized Benefit trao quyá»n member tá»± thiáº¿t káº¿ phÃºc lá»£i theo nhu cáº§u vÃ  má»¥c Ä‘Ã­ch cÃ¡ nhÃ¢n\n-------\nDá»± Ã¡n Má»¹, Nháº­t vá» nÆ°á»m nÆ°á»£p, thÃªm dá»± Ã¡n build sáº£n pháº©m Ä‘á»™c quyá»n vá»›i nhiá»u lÄ©nh vá»±c má»›i láº¡ (hÃ ng khÃ´ng vÅ© trá»¥, v.v) Ä‘ang chá» cÃ¡c báº¡n vá» chung tay phÃ¡t triá»ƒn.\nğŸ”¥ ğ‹ğ¢ğÌ‚ğ§ ğ¡ğÌ£Ì‚ ğ‡ğšÌğœ ğ‘ğ¨Ì›Ì€:\n- Email: ngochtb@tech.est-rouge.com\n- Skype: Ngochtb.18\n- Inbox",[],0,0,0,0,0,0,0,0,0,1,0,0,0,0,0,0,1,0,0,0,0,0,0,0,0,0,0,0,0,0,1,0,0,0,0,0,0,1,0,0,0,0
,Ngáº¡i quÃ¡ Ã \nCre: TÃ­ Ä‘Ã¹,[],0,0,0,0,0,0,0,0,0,0,0,0,0,0,0,0,1,0,0,0,0,0,0,0,0,0,0,0,0,0,0,0,0,0,0,0,0,1,0,0,0,0
2858934877606806,"[R500 â€“ RIKKEISOFT HIRING] RIKKEISOFT Cá»¦A TÆ¯Æ NG LAI\nVá»›i má»¥c tiÃªu 500 NHÃ‚N Sá»° vÃ o cuá»‘i nÄƒm 2024, hÆ°á»›ng Ä‘áº¿n má»Ÿ rá»™ng toÃ n Rikkei miá»n Trung, Rikkeisoft Ä‘Ã£ vÃ  Ä‘ang Ä‘áº©y máº¡nh quÃ¡ trÃ¬nh tuyá»ƒn dá»¥ng nhá»¯ng vá»‹ trÃ­ háº¥p dáº«n Ä‘áº¿n cÃ¡c á»©ng viÃªn tiá»m nÄƒng á»Ÿ má»i khu vá»±c.\nNgay trong thÃ¡ng 3 nÃ y Rikkei cáº§n hÆ¡n 50 NHÃ‚N Sá»° á»Ÿ má»i vá»‹ trÃ­ vÃ  má»i level (Junior â€“ Middle â€“ Senior) á»Ÿ cáº£ thá»‹ trÆ°á»ng Nháº­t vÃ  Global.\nCÃ¹ng tham kháº£o cÃ¡c vá»‹ trÃ­ tuyá»ƒn dá»¥ng cá»§a Rikkeisoft ÄÃ  Náºµng vÃ  Huáº¿ ngay bÃªn dÆ°á»›i nhÃ©.\nÄá»«ng quÃªn follow Fanpage hoáº·c truy cáº­p website: https://tuyendung.rikkeisoft.com/ Ä‘á»ƒ cáº­p nháº­t cÃ¡c thÃ´ng tin tuyá»ƒn dá»¥ng má»›i nháº¥t.\nTHÃ”NG TIN LIÃŠN Há»†:\nâ€¢ Mail: tuyendung.dn@rikkeisoft.com\nâ€¢ Hotline: 0236 396 2685\nğ—¥ğ—œğ—ğ—ğ—˜ğ—œğ—¦ğ—¢ğ—™ğ—§ ğ—–ğ—˜ğ—¡ğ—§ğ—¥ğ—”ğ—Ÿ ğ—¥ğ—˜ğ—šğ—œğ—¢ğ—¡ - ğ—©ğ—œğ—˜ğ—§ğ—¡ğ—”ğ— \nğ—¥ğ—¶ğ—¸ğ—¸ğ—²ğ—¶ğ˜€ğ—¼ğ—³ğ˜ ğ——ğ—®ğ—»ğ—®ğ—»ğ—´: 7F & 11F, Vietnam News Agency Bldg., 81 Quang Trung St., Danang City\nğ—¥ğ—¶ğ—¸ğ—¸ğ—²ğ—¶ğ˜€ğ—¼ğ—³ğ˜ ğ—›ğ˜‚ğ—²: 5F, The Manor Crown Bldg., 62 To Huu St., Hue City\nğŸ‘‰Ib mÃ¬nh Ä‘á»ƒ biáº¿t thÃªm thÃ´ng tin vá» job nhÃ©ğŸ‘ˆ",[],0,0,0,0,0,0,0,0,0,0,0,0,0,0,0,0,1,0,0,0,0,0,0,0,0,0,0,0,0,0,0,0,0,0,0,0,0,1,0,0,0,0
,Tuyá»‡t vá»iğŸ¥°ğŸ¥°,[],0,0,0,0,0,0,0,0,0,0,0,0,0,0,0,0,0,0,0,0,0,0,0,0,0,0,0,0,0,0,0,0,0,0,0,0,0,0,0,0,0,0
2854035548096739,ğŸŒŸRIKKEISOFT ÄÃ€ Náº´NGğŸŒŸ\nChiÃªu má»™ 05 PHP & 05 JAVA DEVELOPER. Tá»« 1 nÄƒm kinh nghiá»‡m trá»Ÿ lÃªn.\nInbox mÃ¬nh nháº­n JD!,[],0,1,0,0,0,1,0,0,0,0,0,0,0,0,0,0,1,0,0,0,0,0,1,0,0,0,1,0,0,0,0,0,0,0,0,0,0,1,0,0,0,0
,Má»—i láº§n nhÆ° nÃ y lÃ  láº¡i hoÃ i niá»‡m quÃ¡ khá»© quÃ¡ cÃ¡c bÃ¡c áº¡ ğŸ¥º\n#Äáº·ngGiaiHÃ¢m #é‚“ä½³é‘« #DengJiaXin #DJX #BubbleBoyDJX,[],0,0,0,0,0,0,0,0,0,0,0,0,0,0,0,0,0,0,0,0,0,0,0,0,0,0,0,0,0,0,0,0,0,0,0,0,0,0,0,0,0,0
2856626124504348,ğŸ”¥ Má»¤C TIÃŠU R500 - Äá»¢T TUYá»‚N DEV Sá» LÆ¯á»¢NG Lá»šN TRONG NÄ‚M 2024 Táº I RIKKEISOFT ÄÃ€ Náº´NG ğŸ”¥\n\n08 PHP Dev (Junior-Middle)\nTá»« 1 nÄƒm kinh nghiá»‡m trá»Ÿ lÃªn lÃ m PHP.\nKhÃ´ng yÃªu cáº§u ngoáº¡i ngá»¯.\n10 Java/ VueJS Dev (Junior-Middle)\nTá»« 1 nÄƒm kinh nghiá»‡m trá»Ÿ lÃªn lÃ m Java/ VueJS.\nKhÃ´ng yÃªu cáº§u ngoáº¡i ngá»¯.\n\nğŸ‘‰ Gá»­i CV vá» Email: nganltk@rikkeisoft.com\nğŸ‘‰ TiÃªu Äá»: Há» TÃªn - Vá»‹ trÃ­ á»©ng tuyá»ƒn,[],0,1,0,0,0,1,0,0,0,1,0,0,0,0,0,0,1,0,0,0,0,0,1,0,0,0,1,0,0,0,1,0,0,0,0,0,0,1,0,0,0,0
,ğŸ’¥Tháº­t tuyá»‡t vá»i ğŸ’–ğŸ¥°ğŸ˜\nNghá»‡ thuáº­t Ä‘iÃªu kháº¯c gá»— CÃ´ng GiÃ¡o.,[],0,0,0,0,0,0,0,0,0,0,0,0,0,0,0,0,0,0,0,0,0,0,0,0,0,0,0,0,0,0,0,0,0,0,0,0,0,0,0,0,0,0
2860787387421555,"#QCQC #TESTER #HIRING \nChÃ o má»i ngÆ°á»i team mÃ¬nh Ä‘ang cáº§n tuyá»ƒn 1 báº¡n QA/QC.\nVá»‹ trÃ­: QA/QC Full-time\nÄá»‹a Ä‘iá»ƒm lÃ m viá»‡c: 74 Ä. Äá»— PhÃ¡p Thuáº­n, HoÃ  CÆ°á»ng Báº¯c, Háº£i ChÃ¢u, ÄÃ  Náºµng\nYÃŠU Cáº¦U CÃ”NG VIá»†C:\nKinh nghiá»‡m: Ãt nháº¥t 2 nÄƒm kinh nghiá»‡m trong lÄ©nh vá»±c kiá»ƒm thá»­ pháº§n má»m.\nKá»¹ nÄƒng: CÃ³ tÆ° duy phÃ¢n tÃ­ch vÃ  giáº£i quyáº¿t váº¥n Ä‘á» tá»‘t, kháº£ nÄƒng lÃ m viá»‡c Ä‘á»™c láº­p vÃ  trong mÃ´i trÆ°á»ng nhÃ³m, cÃ³ kinh nghiá»‡m lÃ m viá»‡c vá»›i blockchain lÃ  1 Ä‘iá»ƒm cá»™ng\nTÃ­nh cÃ¡ch: NÄƒng Ä‘á»™ng, linh hoáº¡t vÃ  cÃ³ kháº£ nÄƒng thÃ­ch á»©ng vá»›i mÃ´i trÆ°á»ng lÃ m viá»‡c nhanh chÃ³ng.\nCHÃšNG TÃ”I CUNG Cáº¤P:\nMÃ´i trÆ°á»ng lÃ m viá»‡c: CÆ¡ há»™i Ä‘Æ°á»£c training vÃ  lÃ m viá»‡c trÃªn cÃ¡c dá»± Ã¡n blockchain hÃ ng Ä‘áº§u, trong má»™t mÃ´i trÆ°á»ng lÃ m viá»‡c chuyÃªn nghiá»‡p vÃ  thÃ¢n thiá»‡n.\nPhÃ¡t triá»ƒn báº£n thÃ¢n: CÆ¡ há»™i nÃ¢ng cao ká»¹ nÄƒng chuyÃªn mÃ´n thÃ´ng qua cÃ¡c dá»± Ã¡n vÃ  Ä‘Æ°á»£c training, cÃ³ cÆ¡ há»™i gia tÄƒng thu nháº­p thá»¥ Ä‘á»™ng\nMá»©c lÆ°Æ¡ng: Theo nÄƒng lá»±c, tá»‘i thiá»ƒu á»Ÿ má»©c 18tr\nJD-CV hoáº·c cáº§n giáº£i Ä‘Ã¡p tháº¯c máº¯c vui lÃ²ng inbox, cáº£m Æ¡n má»i ngÆ°á»i.",[],0,0,0,0,0,0,0,0,0,0,0,0,0,0,0,0,1,0,0,0,0,0,0,0,0,0,0,0,0,0,0,0,0,0,0,0,0,1,0,0,0,0
,Anh em Äá»“ng Nai cháº¯c khÃ´ng xa láº¡ con Ä‘Æ°á»ng nÃ y ğŸ¤£,[],0,0,0,0,0,0,0,0,0,0,0,0,0,0,0,0,0,0,0,0,0,0,0,0,0,0,0,0,0,0,0,0,0,0,0,0,0,0,0,0,0,0
2859514027548891,"#REMOTE #HYBRID\nğŸ”¥ Sign-on Bonus upto 20.000.000 ğŸ”¥\nğŸš« ÄÃ¢y khÃ´ng pháº£i lÃ  2nd job\nTáº¥t cáº£ cÃ¡c job Ä‘á»u yÃªu cáº§u tiáº¿ng anh giao tiáº¿p Ä‘Æ°á»£c vá»›i client\nCÃ¡c job REMOTE full-time:\nDomain: e-commerce, payment\nClient: Dubai\nLiÃªn há»‡:\nSkype: live:ptkl158\nFB/LinkedIn: Linh Phan\nÄá»‹a chá»‰ vÄƒn phÃ²ng ÄN: 36 Tráº§n Quá»‘c Toáº£n, ÄÃ  Náºµng\n-------------------\n#REMOTE #HYBRID #JAVA #PHP #MANUALQC #FRONTEND #PYTHON #DEVOPS",[],1,1,0,0,0,1,0,0,0,0,0,0,0,0,0,0,1,0,0,0,0,1,1,0,0,0,1,0,0,0,0,0,0,0,0,0,0,1,0,0,0,0
,ÄÃ¡ng Ãªu hong???\nCre: @mingan_hito1,[],0,0,0,0,0,0,0,0,0,0,0,0,0,0,0,0,1,0,0,0,0,0,0,0,0,0,0,0,0,0,0,0,0,0,0,0,0,1,0,0,0,0
2856653477834946,"ï¸ğŸ“£TOMOSIA TUYá»‚N Dá»¤NGğŸ“£\nâ­ï¸01 IT Comtor (N2, middle) - Danang (https://tomosia.com.vn/tuyen-dung/it-comtor/)\nâ­ï¸01 Project Manager (N2) - Danang (https://tomosia.com.vn/tuyen-dung/project-manager/)\nğŸ¯Äiá»ƒm qua má»™t vÃ i phÃºc lá»£i:\nğŸŒ± ThÆ°á»Ÿng thÃ¡ng 13, thÆ°á»Ÿng doanh thu, thÆ°á»Ÿng thÃ¢m niÃªn, thÆ°á»Ÿng cá»§a khÃ¡ch hÃ ng...\nğŸŒ± Review lÆ°Æ¡ng 2 láº§n/nÄƒm\nğŸŒ± Nghá»‰ mÃ¡t hÃ ng nÄƒm, teambuilding, liÃªn hoan theo quÃ½, tuáº§n\nğŸŒ± Thoáº£i mÃ¡i sá»­ dá»¥ng cÃ  phÃª, trÃ , hoa quáº£, bÃ¡nh káº¹oâ€¦ hÃ ng ngÃ y\nğŸŒ± Quá»¹ 12 ngÃ y nghá»‰ phÃ©p vÃ  12 ngÃ y work from home\nğŸŒ± Flexible thá»i gian check in tá»« 8h00 - 9h00\nğŸŒ± Cáº¥p mÃ¡y mÃ³c lÃ m viá»‡c xá»‹n sÃ²\nğŸŒ± MÃ´i trÆ°á»ng vÄƒn minh, tráº» trung\nğŸŒ± Lá»™ trÃ¬nh career path rÃµ rÃ ng cho tá»«ng vá»‹ trÃ­. CÃ´ng ty khuyáº¿n khÃ­ch vÃ  táº¡o Ä‘iá»u kiá»‡n cho nhÃ¢n viÃªn há»c há»i vÃ  phÃ¡t triá»ƒn báº£n thÃ¢n\nâ³ Thá»i gian lÃ m viá»‡c: Tá»« 8h00 - 17h00 tá»« thá»© Hai - thá»© SÃ¡u (nghá»‰ thá»© Báº£y vÃ  Chá»§ nháº­t)\nğŸ“ Äá»‹a Ä‘iá»ƒm lÃ m viá»‡c: Táº§ng 5 toÃ  nhÃ  Lighthouse sá»‘ 192 XÃ´ Viáº¿t Nghá»‡ TÄ©nh, Háº£i ChÃ¢u, ÄN\n--------------\nJOIN OUR TEAM:\nğŸ“© Email: recruit@tomosia.com\nğŸ¯ Website: https://tomosia.com.vn/\nğŸª Linkedin: https://www.linkedin.com/company/tomosiavietnam/\nğŸ“Œ TikTok: https://vt.tiktok.com/ZSdwyuoT4/",[],0,0,0,0,0,0,0,0,0,0,0,0,0,0,0,0,1,0,0,0,0,0,0,0,0,0,0,0,0,0,0,0,0,0,0,0,0,1,0,0,0,0
,240503 - T-hind S5E7 Thumbnail\nNhÃ¬n ngÃ´ng Ã¡c =))))))))\n@t1.fan,[],0,0,0,0,0,0,0,0,0,0,0,0,0,0,0,0,0,0,0,0,0,0,0,0,0,0,0,0,0,0,0,0,0,0,0,0,0,0,0,0,0,0
2860370204129940,"LG ÄÃ€ Náº´NG CHIÃŠU Má»˜ NHÃ‚N TÃ€I IT\nâ˜€ï¸ Sá»Ÿ há»¯u má»©c lÆ°Æ¡ng $550 - $2,500 tá»« 01 nÄƒm kinh nghiá»‡m\nğŸ’ª LG ÄÃ  Náºµng má»Ÿ ra ngÃ n cÆ¡ há»™i viá»‡c lÃ m háº¥p dáº«n cho nhÃ¢n viÃªn IT trÃªn hÃ nh trÃ¬nh chinh phá»¥c sá»± nghiá»‡p thÃ nh cÃ´ng.\nâœï¸ Äáº¿n vá»›i LG, báº¡n sáº½ Ä‘Æ°á»£c tráº£i nghiá»‡m mÃ´i trÆ°á»ng chuyÃªn nghiá»‡p, tiáº¿p cáº­n cÃ´ng nghá»‡ hÃ ng Ä‘áº§u tháº¿ giá»›i vÃ  Ä‘áº·c biá»‡t thÄƒng tiáº¿n sá»± nghiá»‡p táº¡i thÃ nh phá»‘ ÄÃ  Náºµng hiá»‡n Ä‘áº¡i vÃ  Ä‘Ã¡ng sá»‘ng nháº¥t Viá»‡t Nam. HÃ£y cÃ¹ng LG xÃ¢y dá»±ng tÆ°Æ¡ng lai tÆ°Æ¡i sÃ¡ng vÃ  Ä‘Ã³n Ä‘áº§u cÃ¡c cÆ¡ há»™i viá»‡c lÃ m khÃ´ng giá»›i háº¡n:\nğŸ’¥ CHáº¾ Äá»˜ ÄÃƒI NGá»˜ Äá»˜C QUYá»€N:\n- Há»— trá»£ CHI PHÃ chuyá»ƒn vÃ¹ng lÃªn Ä‘áº¿n 20 TRIá»†U cho nhá»¯ng á»©ng viÃªn chuyá»ƒn Ä‘áº¿n ÄÃ  Náºµng tá»« HN/HCM/Huáº¿/Quy NhÆ¡n.\n- LÆ°Æ¡ng thÃ¡ng 13\n- ThÆ°á»Ÿng hiá»‡u quáº£ lÃ m viá»‡c (STI) lÃªn Ä‘áº¿n 03 thÃ¡ng lÆ°Æ¡ng/nÄƒm\n- ChÄƒm sÃ³c sá»©c khá»e toÃ n diá»‡n báº±ng gÃ³i báº£o hiá»ƒm cao cáº¥p PVI Premium Healthcare.\n- 20 ngÃ y nghá»‰ hÆ°á»Ÿng lÆ°Æ¡ng hÃ ng nÄƒm.\nğŸ’¥ KhÃ´ng chá»‰ cÃ³ quyá»n lá»£i siÃªu Æ°u Ã¡i, LG cÃ²n lÃ  nÆ¡i mang Ä‘áº¿n cho báº¡n má»™t mÃ´i trÆ°á»ng lÃ m viá»‡c lÃ½ tÆ°á»Ÿng, má»Ÿ ra vÃ´ vÃ n cÆ¡ há»™i má»›i:\n- Coffee sÃ¡ng free\n- CÃ¡c hoáº¡t Ä‘á»™ng du lá»‹ch, team building vÃ  chÆ¡i thá»ƒ thao nÃ¢ng cao sá»©c khá»e.\n- CÆ¡ há»™i lÃ m viá»‡c on-site táº¡i ChÃ¢u Ã‚u, ChÃ¢u Ã giÃºp phÃ¡t triá»ƒn nÄƒng lá»±c, khÃ¡m phÃ¡ báº£n thÃ¢n.\n- LÃ m viá»‡c táº¡i mÃ´i trÆ°á»ng quá»‘c táº¿ cÃ¹ng cÃ¡c chuyÃªn gia Ä‘á»‰nh cao trong lÄ©nh vá»±c Automotive, tha há»“ há»c há»i, tÃ­ch lÅ©y kinh nghiá»‡m\nğŸ‘‰ Job xá»‹n trao tay - nháº­n ngay lÆ°Æ¡ng khá»§ng, ngáº¡i gÃ¬ mÃ  khÃ´ng apply nÃ o báº¡n Æ¡i.\nğŸ‘‰ Apply now: hong1.nguyen@lgepartner.com",[],0,0,0,0,0,0,0,0,0,0,0,0,0,0,0,0,1,0,0,0,0,0,0,0,0,0,0,0,0,0,0,0,0,0,0,0,0,1,0,0,0,0
,[Fakerâ€™s stream]\n:Tui thá»±c sá»± ghÃ©t Ä‘áº¿n trÆ°á»ng láº¯m nhÆ°ng tui láº¡i lÃ  giÃ¡o viÃªn\nğŸ§ aigooâ€¦â€¦,[],0,0,0,0,0,0,0,0,0,1,0,0,0,0,0,0,1,0,0,0,0,0,0,0,0,0,0,0,0,0,1,0,0,0,0,0,0,1,0,0,0,0
2856039074563053,"Bá»˜ PHáº¬N GLOBAL RIKKEISOFT OPEN Ráº¤T NHIá»€U Vá»Š TRÃ Tá»ª INTERN -> SENIOR. Má»ŒI NGÆ¯á»œI THAM KHáº¢O QUA LIST JOB BÃŠN DÆ¯á»šI NHÃ‰ ğŸ‘‡ğŸ‘‡ğŸ‘‡\nğŸ“ Intern Developer \n Link thÃ´ng tin vÃ  Ä‘Äƒng kÃ­ táº¡i Ä‘Ã¢y: https://sites.google.com/view/rikkeifresherprogram2024/trang-ch%E1%BB%A7\nğŸ“ React Native Developers (Middle/Senior)\nTá»« 3 nÄƒm kinh nghiá»‡m\nTiáº¿ng Anh khÃ¡\nğŸ“ Fullstack Developers (Middle/Senior)\nTá»« 4 nÄƒm kinh nghiá»‡m lÃ m viá»‡c PHP\nTiáº¿ng Anh khÃ¡\nğŸ“ .NET (Middle/ Senior)\nTá»« 4 nÄƒm kinh nghiá»‡m\nTiáº¿ng Anh khÃ¡\nğŸ“ Java Developers (Middle/Senior)\nTá»« 4 nÄƒm kinh nghiá»‡m lÃ m viá»‡c Java\nTiáº¿ng Anh khÃ¡\nğŸ“ Tester (Senior)\nTá»« 5 nÄƒm kinh nghiá»‡m\nTiáº¿ng anh giao tiáº¿p tá»‘t\nğŸ“ Business Analyst (Senior)\nTá»« 5 nÄƒm kinh nghiá»‡m\nTiáº¿ng anh giao tiáº¿p tá»‘t\n\nğŸ’– 100% lÆ°Æ¡ng thá»­ viá»‡c, offer cáº¡nh tranh, thÆ°á»Ÿng hiá»‡u suáº¥t hÃ ng thÃ¡ng, cÆ¡ há»™i onsite Nháº­t Báº£n hoáº·c Má»¹, chá»‰ 1 vÃ²ng phá»ng váº¥n duy nháº¥t\n-----------------------------------------------------------------------\nÄá»«ng ngáº¡i Ib mÃ¬nh trao Ä‘á»•i thÃªm thÃ´ng tin nhÃ© ğŸŒ»\nSkype: Dieu Hien HR",[],0,1,0,0,0,1,0,0,0,1,0,0,0,0,0,0,1,0,0,0,1,0,1,0,0,0,1,0,0,0,1,0,0,0,0,0,0,1,0,0,0,1
,Chiáº¿c bÃ¡nh dÃ nh riÃªng cho máº¥y Ä‘á»©a OCD ğŸ˜€ğŸ˜„,[],0,0,0,0,0,0,0,0,0,0,0,0,0,0,0,0,1,0,0,0,0,0,0,0,0,0,0,0,0,0,0,0,0,0,0,0,0,1,0,0,0,0
2857438734423087,"Rikkeisoft DN open 10 slot PHP/Java tá»« 1,5 nÄƒm kinh nghiá»‡m\nPing mÃ¬nh nhÃ© ğŸ’–",[],0,1,0,0,0,1,0,0,0,0,0,0,0,0,0,0,1,0,0,0,0,0,1,0,0,0,1,0,0,0,0,0,0,0,0,0,0,1,0,0,0,0
,Äáº·t Ä‘Ãºng vá»‹ trÃ­ báº¡n sáº½ toáº£ sÃ¡ng!,[],0,0,0,0,0,0,0,0,0,0,0,0,0,0,0,0,1,0,0,0,0,0,0,0,0,0,0,0,0,0,0,0,0,0,0,0,0,1,0,0,0,0
2857712567729037,"ğŸ”¥ğŸ”¥ğŸ”¥ Vá»šI Má»¤C TIÃŠU R500, Äáº T 500 NHÃ‚N Sá»° CUá»I NÄ‚M 2024, HÆ¯á»šNG Äáº¾N RIKKEI TOÃ€N MIá»€N TRUNG, Rikkeisoft open loáº¡t vá»‹ trÃ­ Ä‘Ã¡p á»©ng cho sá»± tÄƒng trÆ°á»Ÿng vÆ°á»£t báº­t cá»§a chi nhÃ¡nh cÅ©ng nhÆ° nhu cáº§u nguá»“n lá»±c cho dá»± Ã¡n.\nğŸ”¥ğŸ”¥ğŸ”¥PhÃ¡t triá»ƒn máº¡nh máº½ á»Ÿ cáº£ hai thá»‹ trÆ°á»ng Nháº­t vÃ  Global, Ä‘a dáº¡ng KhÃ¡ch hÃ ng Ä‘áº¿n tá»« Má»¹, Ãšc, Sing, Malay...\nğŸŒˆğŸŒˆğŸŒˆ VÃ , NGAY TRONG THÃNG 3 NÃ€Y RIKKEI Cáº¦N HÆ N 50 NHÃ‚N Sá»° á»Ÿ nhiá»u vá»‹ trÃ­, tham gia cÃ¡c cÆ¡ há»™i dá»± Ã¡n má»›i, cÃ¹ng Rikkei phÃ¡t triá»ƒn, bá»©c tá»‘c máº¡nh máº½ trong cÃ¡c má»¥c tiÃªu má»›i\nğŸ‘‡ğŸ‘‡ Äa dáº¡ng vá»‹ trÃ­, Ä‘a dáº¡ng thá»‹ trÆ°á»ng, open cho táº¥t cáº£ level, náº¯m báº¯t cÆ¡ há»™i onsite táº¡i Nháº­t, Má»¹, ThÃ¡i....má»™t trong cÃ¡c chi nhÃ¡nh Rikkeisoft. Nhanh tay tham kháº£o vÃ  ghi Ä‘Ã¢u mÃ¬nh trÃªn hÃ nh trÃ¬nh Rikkeisoft nhÃ© ğŸ˜€ğŸ˜€\nâš¡ï¸âš¡ï¸Inbox mÃ¬nh trao Ä‘á»•i thÃ´ng tin chi tiáº¿t\nMail: hott@rikkeisoft.com\nSkype: hotran.cfl",[],0,0,0,0,0,0,0,0,0,0,0,0,0,0,0,0,1,0,0,0,0,0,0,0,0,0,0,0,0,0,0,0,0,0,0,0,0,1,0,0,0,0
,Spoil kiá»ƒu nÃ y chá»‹u sao ná»—i ğŸ˜†\nâ€”â€”â€”\nCre: fploveclub\n#ThebeginningofLoveSeaXFortPeat\n#BabyFeat #FortPeat #FortPeatInMyHeart,[],0,0,0,0,0,0,0,0,0,1,0,0,0,0,0,0,1,0,0,0,0,0,0,0,0,0,0,0,0,0,1,0,0,0,0,0,0,1,0,0,0,0
2860019217498372,"MÃ¬nh cáº§n XÃ¢y Äá»™i DEV láº­p trÃ¬nh back-end , chuyÃªn vá» website vÃ  Blockchain , lÆ°Æ¡ng 15tr-30tr chÆ°a tÃ­nh hoa há»“ng, LV ÄÃ  Náºµng",[],0,0,0,0,0,0,0,0,0,0,0,0,0,0,0,0,1,0,0,0,0,0,0,0,0,0,0,0,0,0,0,0,0,0,0,0,0,1,0,0,0,0
,Nghá»‡ thuáº­t Ä‘iÃªu kháº¯c gá»— cÃ´ng giÃ¡o\nQuÃ¡ tuyá»‡t vá»i,[],0,0,0,0,0,0,0,0,0,0,0,0,0,0,0,0,0,0,0,0,0,0,0,0,0,0,0,0,0,0,0,0,0,0,0,0,0,0,0,0,0,0
2860258800807747,"Xin chÃ o cáº£ nhÃ  áº¡. Green Technology.STC má»Ÿ rá»™ng thá»‹ trÆ°á»ng, má»Ÿ thÃªm VÄƒn phÃ²ng á»Ÿ thá»‹ trÆ°á»ng Campuchia cáº§n tuyá»ƒn dá»¥ng 02 á»©ng viÃªn cho vá»‹ trÃ­: Data Analyst Middle/ Senior má»©c lÆ°Æ¡ng vÃ  cháº¿ Ä‘á»™ háº¥p dáº«n bÃªn dÆ°á»›i.\nAnh/Chá»‹ cÃ³ thá»ƒ lÃ m viá»‡c á»Ÿ Campuchia, vui lÃ²ng apply hoáº·c giá»›i thiá»‡u giÃºp á»©ng viÃªn cho mÃ¬nh vá»›i nha.\nMá»—i thÃ¡ng Ä‘Æ°á»£c off 6 ngÃ y liÃªn tá»¥c Ä‘á»ƒ vá» Viá»‡t Nam thÄƒm nhÃ  áº¡",[],0,0,0,0,0,0,0,0,0,0,0,0,0,0,0,0,1,0,0,0,0,0,0,0,0,0,0,0,0,0,0,0,0,0,0,0,0,1,0,0,0,0
,[04.02.2024] Nháº¡c há»™i nÄƒm 2024 - Äá»“ng VÅ© KhÃ´n\nã€Š BLOOMING - Phá»‘ VÅ© Thiáº¿u NiÃªn ã€‹\n#tffamily\n#TFå®¶æ—\n#TFå®¶æ—ç«¥ç¦¹å¤YK\n#TongYukun\n#ç«¥ç¦¹å¤\nCre: Pain Killer ç«¥ç¦¹å¤,[],0,0,0,0,0,0,0,0,0,0,0,0,0,0,0,0,1,0,0,0,0,0,0,0,0,0,0,0,0,0,0,0,0,0,0,0,0,1,0,0,0,0
2860460874120873,"á»¨ng viÃªn N1 vá» Fsoft-Sá»± nghiá»‡p thÃªnh thang, ráº¥t nhiá»u job BA, BrSE, Comtor, cÆ¡ há»™i lÃ m viá»‡c trá»±c tiáº¿p vá»›i ngÆ°á»i Nháº­t trong dá»± Ã¡n full-life cycle\nLÃ m táº¡i VN- hÆ°á»Ÿng lÆ°Æ¡ng chuáº©n Nháº­t ğŸ’´",[],0,0,0,0,0,0,0,0,0,0,0,0,0,0,0,0,1,0,0,0,0,0,0,0,0,0,0,0,0,0,0,0,0,0,0,0,0,1,0,0,0,0
,Muá»‘n yÃªu thÃ¬ pháº£i biáº¿t chiá»u ğŸ«¶,[],0,0,0,0,0,0,0,0,0,0,0,0,0,0,0,0,0,0,0,0,0,0,0,0,0,0,0,0,0,0,0,0,0,0,0,0,0,0,0,0,0,0
2860758074091153,"ğŸ¥² Gá»­i CV hÃ´m nay cÅ©ng Ä‘Æ°á»£c, khÃ´ng cáº§n ngÃ y mai. RESDII Ä‘ang tuyá»ƒn dá»¥ng cÃ¡c vá»‹ trÃ­:\nFlutter Developer (2 yoe)\nBlockchain Developer (fresher/junior+)\n--\nğŸ“¬ ThÃ´ng tin liÃªn há»‡:\nÄá»‹a Ä‘iá»ƒm lÃ m viá»‡c: Táº§ng 6, 168 XÃ´ Viáº¿t Nghá»‡ TÄ©nh, ÄÃ  Náºµng\nThá»i gian lÃ m viá»‡c: T2-T6, 8:00 - 17:30, nghá»‰ trÆ°a tiáº¿ng rÆ°á»¡i\nMÃ´i trÆ°á»ng lÃ m viá»‡c: tráº» trung, nÄƒng Ä‘á»™ng, nhiá»u clb thá»ƒ thao vÃ  hoáº¡t Ä‘á»™ng ná»™i bá»™\nDá»± Ã¡n: Há»‡ sinh thÃ¡i VARs Connect - á»©ng dá»¥ng proptech ALL IN ONE - trá»£ thá»§ Ä‘áº¯c lá»±c cho ngÃ nh Báº¥t Ä‘á»™ng sáº£n https://www.facebook.com/VARsConnect\nEmail á»©ng tuyá»ƒn: sayhi@resdii.com\nFacebook cÃ´ng ty: https://www.facebook.com/resdii.official\nLinkedIn tuyá»ƒn dá»¥ng: https://www.linkedin.com/company/resdii-career",[],0,0,0,0,0,0,0,0,0,0,0,0,0,0,0,0,1,0,0,0,0,0,0,0,0,0,0,0,0,0,0,0,0,0,0,0,0,1,0,0,0,0
,Cuá»™c Sá»‘ng CÃ³ 2 Loáº¡i NgÆ°á»i ğŸ˜‚\nMá»™t NgÆ°á»i Äá»©ng Tá»« Xa Chá» Em Vá»\nVÃ  Má»™t NgÆ°á»i Nuá»‘t NÆ°á»›c Máº¯t Tá»«ng ÄÃªm ğŸ¥´,[],0,0,0,0,0,0,0,0,0,0,0,0,0,0,0,0,0,0,0,0,0,0,0,0,0,0,0,0,0,0,0,0,0,0,0,0,0,0,0,0,0,0
2860755220758105,"CÃ´ng Ty CP BÃ¡nh Miá»n Trung cáº§n tuyá»ƒn:\n01 NhÃ¢n viÃªn Marketting.\nPHá»NG Váº¤N ÄI LÃ€M NGAY\nğŸ“ŒÄá»‹a Ä‘iá»ƒm lÃ m viá»‡c: 1063-1065 Nguyá»…n Táº¥t ThÃ nh - ÄÃ  Náºµng\nğŸ“ŒThá»i gian lÃ m viá»‡c: Tá»« thá»© 2 â€“ Ä‘áº¿n thá»© 7 (Nghá»‰ CN)\nâš ï¸âš ï¸Quyá»n lá»£i\nâœ…LÆ°Æ¡ng trao Ä‘á»•i khi phá»ng váº¥n\nâœ…Äáº§y Ä‘á»§ cÃ¡c cháº¿ Ä‘á»™ lÆ°Æ¡ng, thÆ°á»Ÿng, BHXH, phÃ©p nÄƒm, â€¦\nâœ…MÃ´i trÆ°á»ng lÃ m viá»‡c nÄƒng Ä‘á»™ng, chuyÃªn nghiá»‡p\nâœ…CÆ¡ há»™i thÄƒng tiáº¿n vÃ  phÃ¡t triá»ƒn nghá» nghiá»‡p cao\nâ˜ï¸LiÃªn há»‡ PhÃ²ng NhÃ¢n sá»±: 0935999160 (zalo)\nğŸ“©Gá»­i CV vá» Email: banhmientrung.tuyendung@gmail.com\nğŸ¢Hoáº·c ná»™p há»“ sÆ¡ táº¡i: 1063-1065 Nguyá»…n Táº¥t ThÃ nh - ÄÃ  Náºµng",[],0,0,0,0,0,0,0,0,0,0,0,0,0,0,0,0,1,0,0,0,0,0,0,0,0,0,0,0,0,0,0,0,0,0,0,0,0,1,0,0,0,0
,"Váº«n lÃ  mÃ n Ã´m Ã´m quen thuá»™c\náº¤m lÃ²ng ghÃª Ã³, máº·c dÃ¹ lÃºc Ä‘á»c thÆ° hÆ¡i máº¯c cá»«i nhÆ°ng váº«n thÆ°Æ¡ng nhao láº¯m nhÃ³ ğŸ¤­\n#July",[],0,0,0,0,0,0,0,0,0,0,0,0,0,0,0,0,0,0,0,0,0,0,0,0,0,0,0,0,0,0,0,0,0,0,0,0,0,0,0,0,0,0
2860452447455049,"ÄÃ€ Náº´NG OPEN JOB PHP/ JAVA/ TESTER/ REACTJS ğŸ¤¤ğŸ¤¤ WITH GOOD ENG\nLÆ°Æ¡ng háº¥p dáº«n, cÃ¹ng vÃ´ vÃ n benefit xá»‹n\n+14 thÃ¡ng lÆ°Æ¡ng + 16M tiá»n thÆ°á»Ÿng cá»‘ Ä‘á»‹nh háº±ng nÄƒm + bonus dá»± Ã¡n + 2 thÃ¡ng thá»­ viá»‡c full lÆ°Æ¡ng ğŸ¤‘ğŸ¤‘ğŸ¤‘ğŸ¤‘\nib nháº­n job nhÃ© áº¡",[],0,1,0,0,0,1,0,0,0,1,0,0,0,0,0,0,1,0,0,0,0,0,1,0,0,0,1,0,0,0,1,0,0,0,0,0,0,1,0,0,0,0
,NgÆ°á»i sinh ra náº±m trÃªn Ä‘á»‘ng báº¡c\nKáº» phiÃªu báº¡t lÃ m mÃ£i cháº³ng Ä‘á»§ Äƒn,[],0,0,0,0,0,0,0,0,0,0,0,0,0,0,0,0,1,0,0,0,0,0,0,0,0,0,0,0,0,0,0,0,0,0,0,0,0,1,0,0,0,0
2860310700802557,"ChÃ o cáº£ nhÃ , hiá»‡n táº¡i em Ä‘ang lÃ m viá»‡c á»Ÿ SG, cÃ³ káº¿ hoáº¡ch sáº½ chuyá»ƒn vá» ÄN trong nÄƒm nay vÃ  cáº§n tÃ¬m cÃ´ng viá»‡c liÃªn quan Ä‘áº¿n phÃ¢n tÃ­ch dá»¯ liá»‡u vÃ  nghiÃªn cá»©u thá»‹ trÆ°á»ng (Data Analyst/Business Intelligence), anh/chá»‹ nÃ o Ä‘ang cáº§n tÃ¬m á»©ng viÃªn hoáº·c biáº¿t cÃ´ng ty nÃ o tuyá»ƒn dá»¥ng vá»‹ trÃ­ nÃ y cho em xin thÃ´ng tin dÆ°á»›i post vá»›i áº¡, em sáº½ chá»§ Ä‘á»™ng liÃªn há»‡, em cáº£m Æ¡n mn!",[],0,0,0,0,0,0,0,0,0,0,0,0,0,0,0,0,1,0,0,0,0,0,0,0,0,0,0,0,0,0,0,0,0,0,0,0,0,1,0,0,0,0
,Tuyá»‡t vá»iâ™¥ï¸ğŸ¥°,[],0,0,0,0,0,0,0,0,0,0,0,0,0,0,0,0,0,0,0,0,0,0,0,0,0,0,0,0,0,0,0,0,0,0,0,0,0,0,0,0,0,0
2859701310863496,"ğŸ”¥ ğğšğ§ğ¨ğ›ğ²ğ­ğ ğ“ğ®ğ²ğÌ‚Ì‰ğ§ ğƒğ®Ì£ğ§ğ  ANDROID Developer\nğ¶â„ğ‘¢Ìğ‘›ğ‘” ğ‘¡ğ‘œÌ‚ğ‘– Ä‘ğ‘ğ‘›ğ‘” ğ‘¡ğ‘–Ì€ğ‘š ğ‘˜ğ‘–ğ‘’Ì‚Ìğ‘š ğ‘šğ‘œÌ£Ì‚ğ‘¡ ğ´ğ‘›ğ‘‘ğ‘Ÿğ‘œğ‘–ğ‘‘ ğ·ğ‘’ğ‘£ğ‘’ğ‘™ğ‘œğ‘ğ‘’ğ‘Ÿ ğ‘™ğ‘’ğ‘£ğ‘’ğ‘™ ğ½ğ‘¢ğ‘›ğ‘–ğ‘œğ‘Ÿ/ğ‘€ğ‘–ğ‘‘ğ‘‘ğ‘™ğ‘’ ğ‘™ğ‘Ì€ğ‘š ğ‘£ğ‘–ğ‘’Ì£Ì‚ğ‘ ğ‘…ğ‘’ğ‘šğ‘œğ‘¡ğ‘’ ğ¹ğ‘¢ğ‘™ğ‘™ğ‘¡ğ‘–ğ‘šğ‘’\nğŸ¯ ğŒğ¨Ì‚ ğ­ğšÌ‰ ğœğ¨Ì‚ğ§ğ  ğ¯ğ¢ğÌ£Ì‚ğœ:\nğ‘‡â„ğ‘ğ‘š ğ‘”ğ‘–ğ‘ ğ‘ğ‘Ìğ‘ ğ‘‘ğ‘¢Ì›Ì£ ğ‘Ìğ‘› ğ‘â„ğ‘Ìğ‘¡ ğ‘¡ğ‘Ÿğ‘–ğ‘’Ì‚Ì‰ğ‘› ğ‘¢Ì›Ìğ‘›ğ‘” ğ‘‘ğ‘¢Ì£ğ‘›ğ‘” ğ‘¡ğ‘Ÿğ‘’Ì‚ğ‘› â„ğ‘’Ì£Ì‚ Ä‘ğ‘–ğ‘’Ì‚Ì€ğ‘¢ â„ğ‘Ì€ğ‘›â„ ğ´ğ‘ğ·ğ‘…ğ‘‚ğ¼ğ·, ğ‘ğ‘ğ‘œ ğ‘”ğ‘œÌ‚Ì€ğ‘š:\nâ€¢ PhÃ¢n tÃ­ch vÃ  phÃ¡t triá»ƒn cÃ¡c á»©ng dá»¥ng trÃªn ná»n táº£ng Android.\nâ€¢ Phá»‘i há»£p vá»›i nhÃ³m thiáº¿t káº¿ Ä‘á»ƒ xÃ¡c Ä‘á»‹nh cÃ¡c tÃ­nh nÄƒng cá»§a á»©ng dá»¥ng.\nâ€¢ Äáº£m báº£o cháº¥t lÆ°á»£ng vÃ  hiá»‡u suáº¥t cá»§a á»©ng dá»¥ng theo thÃ´ng sá»‘ ká»¹ thuáº­t.\nâ€¢ XÃ¡c Ä‘á»‹nh cÃ¡c váº¥n Ä‘á» tiá»m áº©n vÃ  giáº£i quyáº¿t cÃ¡c táº¯c ngháº½n á»©ng dá»¥ng.\nâ€¢ Sá»­a lá»—i á»©ng dá»¥ng trÆ°á»›c khi phÃ¡t hÃ nh chÃ­nh thá»©c.\nâ€¢ Thiáº¿t káº¿ vÃ  triá»ƒn khai cÃ¡c báº£n cáº­p nháº­t á»©ng dá»¥ng.\nğŸ‘‰ ğğğ§ğğŸğ¢ğ­ğ¬:\n- LÃ m viá»‡c Remote Fulltime\n- Thá»i gian lÃ m viá»‡c linh hoáº¡t (chá»‰ cáº§n Ä‘áº£m báº£o 40h/tuáº§n)\n- LÆ°Æ¡ng up to 25M\n- Review tÄƒng lÆ°Æ¡ng Ä‘á»‹nh ká»³ 2 láº§n/nÄƒm theo nÄƒng lá»±c nÄƒm.\n- ÄÆ°á»£c tham gia cÃ¡c hoáº¡t Ä‘á»™ng team building, cáº¯m tráº¡i hÃ ng nÄƒm.\n- HÆ°á»Ÿng cÃ¡c chÃ­nh sÃ¡ch Æ°u Ä‘Ã£i mua hÃ ng dÃ nh riÃªng cho nhÃ¢n viÃªn\n- MÃ´i trÆ°á»ng lÃ m viá»‡c tráº» trung, nÄƒng Ä‘á»™ng, vui váº».\nğŸ¯ ğ—ğğ¦ ğ²ğÌ‚ğ® ğœğšÌ‚Ì€ğ® ğœğ¡ğ¢ ğ­ğ¢ğÌ‚Ìğ­ ğ¨Ì›Ì‰ ğ‰ğ¨ğ› ğğğ¬ğœğ«ğ¢ğ©ğ­ğ¢ğ¨ğ§:\nhttps://drive.google.com/file/d/1-c1cD_A2IT_84C5S-az_QzPOgyuJx9K9/view\nğŸ‘‰ ğ‚ğšÌğœğ¡ ğ­ğ¡ğ®Ì›Ìğœ ğ®Ì›Ìğ§ğ  ğ­ğ®ğ²ğÌ‚Ì‰ğ§:\nVui lÃ²ng gá»­i CV cá»§a báº¡n vá» email: ğ¡ğ«@ğ§ğšğ§ğ¨ğ›ğ²ğ­ğğ¥ğ­ğ.ğœğ¨ğ¦\n#AndroidDev #NanobyteLtd #remotefulltime",[],0,0,0,0,0,0,0,0,0,1,0,0,0,0,0,0,1,0,0,0,0,0,0,0,0,0,0,0,0,0,1,0,0,0,0,0,0,1,0,0,0,0
,"Äinh ca chÃºc HiÃªn nhi:\n""A Tá»‘ng, Ã HiÃªn nhi, sinh nháº­t vui váº»! ChÃºc má»«ng em Ä‘Ã£ Ä‘áº¿n vá»›i tháº¿ giá»›i Ä‘áº§u ""2"", anh tin ráº±ng khá»Ÿi Ä‘áº§u má»›i nÃ y nháº¥t Ä‘á»‹nh sáº½ phi thÆ°á»ng Ä‘áº·c sáº¯c ğŸ’ª ThÃªm tuá»•i má»›i, chÃºc em má»—i phÃºt giÃ¢y Ä‘á»u tiáº¿p tá»¥c Ä‘Æ°á»£c vÃ¢y quanh bá»Ÿi tiáº¿ng cÆ°á»i, chá»‰ cáº§n lÃ  chuyá»‡n em muá»‘n lÃ m thÃ¬ nháº¥t Ä‘á»‹nh sáº½ lÃ m...\nXem thÃªm",[],0,0,0,0,0,0,0,0,0,0,0,0,0,0,0,0,1,0,0,0,0,0,0,0,0,0,0,0,0,0,0,0,0,0,0,0,0,1,0,0,0,0
2858275791006048,"[AVEPOINT â€“ DANANG]\nâ€œDÃ­nh cá»©ng ngáº¯câ€ vá»›i há»‡ tÆ° tÆ°á»Ÿng AvePoint ÄÃ  Náºµng cÃ¹ng cÃ¡c vá»‹ trÃ­ tá»« level intern/fresher - middle.\nNhiá»u Ä‘Ã£i ngá»™ háº¥p dáº«n:\nğŸ§Thá»­ viá»‡c full lÆ°Æ¡ng, BHXH ngay thá»i gian thá»­ viá»‡c;\nğŸ§CÃ³ cÆ¡ há»™i onsite táº¡i Trung Quá»‘c, Singapore,â€¦ ;\nğŸ§MÃ´i trÆ°á»ng nÄƒng Ä‘á»™ng, happy hour hÃ ng tuáº§n.\nNhá»¯ng yÃªu cáº§u nhá» xÃ­u:\nğŸ•¹Æ¯u tiÃªn á»©ng viÃªn cÃ³ kháº£ nÄƒng giao tiáº¿p tiáº¿ng Anh, tiáº¿ng Trung hoáº·c tiáº¿ng Nháº­t;\nğŸ•¹Kiáº¿n thá»©c cÆ¡ báº£n vá» Software Testing, ğ‘ğğšğœğ­ğ‰ğ’/ .ğğğ­/ C#;\nğŸ•¹CÃ³ thá»ƒ lÃ m viá»‡c full-time;\nHÃ£y inbox mÃ¬nh liá»n tay Ä‘á»ƒ nháº­n nhá»¯ng chiáº¿c JD hoáº·c gá»­i CV vÃ o email: alyx.pham@avepoint.com nhÃ©!!",[],0,0,0,0,1,0,0,0,0,0,0,0,0,0,0,0,1,0,0,0,0,0,0,0,0,1,0,0,0,0,0,0,0,0,0,0,0,1,0,0,0,0
,/ ğ‘ºğ’Œğ’šğ’˜ğ’ğ’“ğ’… /\nPISTANTHROPHOBIA\n- Sá»£ pháº£i tin tÆ°á»Ÿng vÃ¬ ná»—i Ã¡m áº£nh quÃ¡ lá»›n trong cuá»™c tÃ¬nh Ä‘Ã£ qua\n#skybooks #skyword,[],0,0,0,0,0,0,0,0,0,0,0,0,0,0,0,0,1,0,0,0,0,0,0,0,0,0,0,0,0,0,0,0,0,0,0,0,0,1,0,0,0,0
2860731777427116,"HÃ  TÄ©nh, tuyá»ƒn thiáº¿t káº¿ UI/Ux, tester KN>1 nÄƒm, LH :0949171916 (zalo)",[],0,0,0,0,0,0,0,0,0,0,0,0,0,0,0,0,1,0,0,0,0,0,0,0,0,0,0,0,0,0,0,0,0,0,0,0,0,1,0,0,0,0
,"â€œkhÃ´ng ai sai cáº£, chá»‰ lÃ  tÃ¬nh yÃªu khÃ´ng cÃ²n vá»«a váº·nâ€¦?â€\náº¢nh phim: Jung In (2022)",[],0,0,0,0,0,0,0,0,0,0,0,0,0,0,0,0,0,0,0,0,0,0,0,0,0,0,0,0,0,0,0,0,0,0,0,0,0,0,0,0,0,0
2701867429980219,"#wearetuyendung NhÃ  phÃ¡t triá»ƒn Java ğŸ“¢ğŸ“¢ğŸ“¢\nTrá»Ÿ thÃ nh NhÃ  phÃ¡t triá»ƒn Java táº¡i FPT Software vá»›i má»©c lÆ°Æ¡ng háº¥p dáº«n vÃ  phÃºc lá»£i toÃ n diá»‡n:\nâœ… Má»©c lÆ°Æ¡ng háº¥p dáº«n lÃªn Ä‘áº¿n 2000 Ä‘Ã´ la\nâœ…ChÃ­nh sÃ¡ch há»— trá»£ vay mua nhÃ , Ä‘áº¥t, mua Ã´ tÃ´\nâœ… Æ¯u Ä‘Ã£i há»c phÃ­ cho cÃ¡c bÃ© táº¡i trÆ°á»ng FPT\nâœ… Báº£o hiá»ƒm FPT Care cao cáº¥p cho nhÃ¢n viÃªn vÃ  gia Ä‘Ã¬nh\nâœ… CÆ¡ há»™i táº¡i chá»— táº¡i cÃ¡c chi nhÃ¡nh FPT Software á»Ÿ nÆ°á»›c ngoÃ i\nâœ… GÃ³i di dá»i lÃªn Ä‘áº¿n 100 triá»‡u Ä‘á»“ng cho á»©ng viÃªn IT cao cáº¥p di dá»i tá»« HÃ  Ná»™i/TP Há»“ ChÃ­ Minh vÃ o ÄÃ  Náºµng\nHá»“ sÆ¡ á»©ng viÃªn Java lÃ½ tÆ°á»Ÿng:\nâœ… Tá»‘i thiá»ƒu 2 nÄƒm kinh nghiá»‡m lÃ m NhÃ  phÃ¡t triá»ƒn JAVA\nâœ… Kiáº¿n thá»©c vá»¯ng vÃ ng vá»›i Java Core\nâœ… Kinh nghiá»‡m trong cÃ¡c dá»± Ã¡n á»¨ng dá»¥ng Web Java\nâœ… Tráº£i nghiá»‡m lÃ m viá»‡c vá»›i Spring framework - Spring Boot, Spring Data JPA, JDBC Template\nâœ…Kiáº¿n thá»©c cÆ¡ báº£n vá»›i SQL, thiáº¿t káº¿ cÆ¡ sá»Ÿ dá»¯ liá»‡u\nâœ…Tráº£i nghiá»‡m thiáº¿t káº¿ vÃ  phÃ¡t triá»ƒn API REST\nâœ…Tráº£i nghiá»‡m lÃ m viá»‡c vá»›i Git, Git flow\nâœ…Giá»i giao tiáº¿p tiáº¿ng anh\nÄá»«ng bá» lá»¡ cÆ¡ há»™i nÃ y! á»¨ng tuyá»ƒn ngay báº±ng cÃ¡ch gá»­i CV cá»§a báº¡n Ä‘áº¿n email/skype: chautd1@fpt.com vÃ  báº£o vá»‡ táº¥m vÃ© sá»± nghiá»‡p cá»§a báº¡n ngay hÃ´m nay!\nÄÆ°á»£c dá»‹ch tá»« Tiáº¿ng Anh",[],0,1,0,0,0,0,0,0,0,1,0,0,0,0,1,0,1,0,0,0,0,0,1,0,0,0,0,0,0,0,1,0,0,0,0,1,0,1,0,0,0,0
,"Happy happy new year !!!\nChÃºc cáº£ nhÃ  nÄƒm má»›i cung há»‰ phÃ¡t tÃ i, phÃ¡t tÃ i, PHÃT TÃ€I ğŸ«¶ğŸ»\nğŸ§§https://lixi.momo.vn/lixi/4r6dDagXDQEP6Z9",[],0,0,0,0,0,0,0,0,0,0,0,0,0,0,0,0,1,0,0,0,0,0,0,0,0,0,0,0,0,0,0,0,0,0,0,0,0,1,0,0,0,0
2622792804554349,"ğŸ”¥ğŸ”¥ğŸ”¥ [ÄÃ  Náºµng] Khá»Ÿi Ä‘á»™ng chÆ°Æ¡ng trÃ¬nh Ä‘Ã o táº¡o vÃ  phÃ¡t triá»ƒn sinh viÃªn má»›i tá»‘t nghiá»‡p táº¡i ABeam Consulting Viá»‡t Nam - Ä‘á»£t 2 nÄƒm 2023\nÄá»‘i tÆ°á»£ng: sinh viÃªn má»›i tá»‘t nghiá»‡p hoáº·c chuáº©n bá»‹ tá»‘t nghiá»‡p cÃ¡c ngÃ nh liÃªn quan Ä‘áº¿n CNTT vÃ  cÃ³ thá»ƒ lÃ m viá»‡c toÃ n thá»i gian táº¡i ÄÃ  Náºµng tá»« thÃ¡ng 07/2023\nVá»‹ trÃ­: ERP Developer\nThá»i gian lÃ m viá»‡c: thá»© 2 - thá»© 6\nPhÃºc lá»£i\n100% lÆ°Æ¡ng trong 2 thÃ¡ng thá»­ viá»‡c\nTham gia cÃ¡c khÃ³a Ä‘Ã o táº¡o tá»« cÆ¡ báº£n Ä‘áº¿n chuyÃªn sÃ¢u Ä‘á»ƒ trá»Ÿ thÃ nh developer há»‡ thá»‘ng ERP chuyÃªn nghiá»‡p\nTham gia cÃ¡c khÃ³a Ä‘Ã o táº¡o chung vá» chuyá»ƒn Ä‘á»•i sá»‘ vÃ  cÃ¡c ká»¹ nÄƒng cáº§n thiáº¿t trong lÄ©nh vá»±c tÆ° váº¥n chuyá»ƒn Ä‘á»•i sá»‘\nTrá»Ÿ thÃ nh nhÃ¢n viÃªn chÃ­nh thá»©c cá»§a cÃ´ng ty sau 2 thÃ¡ng thá»­ viá»‡c\nThÆ°á»Ÿng 2 láº§n/nÄƒm, thÆ°á»Ÿng táº¿t nguyÃªn Ä‘Ã¡n\nBáº£o hiá»ƒm sá»©c khá»e cao cáº¥p cho cÃ¡ nhÃ¢n vÃ  ngÆ°á»i thÃ¢n, tiÃªm ngá»«a cÃºm miá»…n phÃ­ hÃ ng nÄƒm\nÄÆ°á»£c trang bá»‹ laptop cao cáº¥p, phá»¥ cáº¥p cÃ´ng viá»‡c hÃ ng thÃ¡ng\nÄÆ°á»£c tÃ i trá»£ thi vÃ  nháº­n chá»©ng chá»‰ Toeic chÃ­nh thá»©c\nMÃ´i trÆ°á»ng lÃ m viá»‡c tráº» trung, chuyÃªn nghiá»‡p, nÄƒng Ä‘á»™ng; nhiá»u hoáº¡t Ä‘á»™ng ngoáº¡i khÃ³a cho nhÃ¢n viÃªn\n5. CÃ¡ch thá»©c apply\nGá»­i CV vÃ  phá»ng váº¥n nhanh (báº±ng tiáº¿ng Anh) qua Ä‘Æ°á»ng link: \nhttps://abeam.hirevue.com/signup/ANn4B86nssAETKeTnFV5KD/\nHoáº·c quÃ©t mÃ£ QR trÃªn hÃ¬nh áº£nh bÃªn dÆ°á»›i\n6. Thá»i gian dá»± kiáº¿n báº¯t Ä‘áº§u: 07/2023\nCÃ¡c báº¡n cÃ³ cÃ¢u há»i hoáº·c tháº¯c máº¯c vui lÃ²ng liÃªn láº¡c qua email: lvo@abeam.com hoáº·c inbox Ä‘á»ƒ biáº¿t thÃªm chi tiáº¿t.\n#newgraduates #IT #ITfresher #freshgraduate #recruitment #developer",[],0,0,0,0,0,0,0,0,0,1,0,0,0,0,0,0,1,0,0,0,0,0,0,0,0,0,0,0,0,0,1,0,0,0,0,0,0,1,0,0,0,0
,Há»i Æ¡i Ä‘Ã¡ng yÃªu Ä‘Ã¡ng yÃªu láº¯m láº¯m luÃ´n Ã½.ğŸ˜ğŸ˜,[],0,0,0,0,0,0,0,0,0,0,0,0,0,0,0,0,0,0,0,0,0,0,0,0,0,0,0,0,0,0,0,0,0,0,0,0,0,0,0,0,0,0
2860431074123853,"Gáº¶P Gá»  CHUYÃŠN GIA HÃ€NG Äáº¦U TRONG NGÃ€NH AUTOMOTIVE: TÄ‚NG Tá»C VÃ€O TÆ¯Æ NG LAI CÃ™NG NHá»®NG BÃ KÃP â€œTUYá»†T TECHâ€ GIÃšP Báº N BIáº¾N ÄAM MÃŠ THÃ€NH Sá»° NGHIá»†P MÆ  Æ¯á»šC\nğŸ”— ÄÄƒng kÃ½ ngay: https://bit.ly/Automotive_TechTalk\nKhÃ¡m phÃ¡ profile tháº­t â€œWOWâ€ cá»§a cÃ¡c diá»…n giáº£ gÃ³p máº·t táº¡i Tech Talk â€œDriving into the Future: Accelerating Software Defined Vehicleâ€ - nhá»¯ng ngÆ°á»i tiÃªn phong náº¯m báº¯t xu hÆ°á»›ng cÃ´ng nghá»‡ SDV cá»§a tháº¿ giá»›i táº¡i Viá»‡t Nam, dáº«n dáº¯t thÃ nh cÃ´ng hÃ ng loáº¡t dá»± Ã¡n quá»‘c táº¿ vÃ  khÃ´ng ngá»«ng Ä‘Ã o táº¡o nhá»¯ng Ä‘á»™i ngÅ© ká»¹ sÆ° káº¿ thá»«a tinh nhuá»‡ trong ngÃ nh cÃ´ng nghá»‡ Ã´ tÃ´ táº¡i FPT Software:\nğŸŒŸ Anh VÅ© Tuáº¥n Máº¡nh, Chief Delivery Officer, FPT Automotive: Tá»« cá»±u sinh viÃªn Äáº¡i há»c BÃ¡ch Khoa HÃ  Ná»™i Ä‘áº¿n CDO táº¡i FPT Automotive, anh Máº¡nh sáº½ mang Ä‘áº¿n cÃ¢u chuyá»‡n Ä‘áº§y cáº£m há»©ng vá» hÃ nh trÃ¬nh 20 nÄƒm chinh phá»¥c tháº¿ giá»›i cÃ´ng nghá»‡ vá»›i nhá»¯ng dá»± Ã¡n lá»›n cÃ¹ng vá»›i khÃ¡ch hÃ ng toÃ n cáº§u, Ä‘á»“ng thá»i chia sáº» gÃ³c nhÃ¬n chuyÃªn sÃ¢u vá» cÆ¡ há»™i phÃ¡t triá»ƒn vÃ  hÆ°á»›ng Ä‘i sáº¯p tá»›i cá»§a ngÃ nh\nğŸŒŸ Anh Tá»‘ng VÄƒn Linh, PhÃ³ giÃ¡m Ä‘á»‘c Trung tÃ¢m phÃ¡t triá»ƒn pháº§n má»m In-Vehicle Infotainment, FPT Automotive:\nâ–ªï¸ 13 nÄƒm kinh nghiá»‡m thá»±c chiáº¿n trong ngÃ nh Automotive, anh Linh lÃ  â€œtá»•ng chá»‰ huy"" cá»§a hÃ ng loáº¡t dá»± Ã¡n triá»‡u Ä‘Ã´ vá»›i quy mÃ´ lá»›n vÃ  khÃ³ cá»§a FPT Software\nâ–ªï¸ ChuyÃªn gia cao cáº¥p vá» ká»¹ nÄƒng C/C++, QT, tÃ¡c giáº£ cá»§a nhiá»u bÃ i viáº¿t cÃ´ng nghá»‡ trÃªn há»‡ thá»‘ng Codelearn\nâ–ªï¸ ÄÃ o táº¡o hÃ ng trÄƒm fresher, xÃ¢y dá»±ng Ä‘á»™i ngÅ© In-Vehicle Infotainment (IVI) ÄÃ  Náºµng lÃªn con sá»‘ 100, gÃ³p pháº§n tÄƒng trÆ°á»Ÿng 200% vá» nhÃ¢n sá»± vÃ  doanh thu cho Ä‘Æ¡n vá»‹ I-VI ÄÃ  Náºµng\nğŸŒŸ Anh Mai Anh Tháº¯ng: PhÃ³ giÃ¡m Ä‘á»‘c Trung tÃ¢m phÃ¡t triá»ƒn Pháº§n má»m Automotive Platform Solution, FPT Automotive\nâ–ªï¸ 9 nÄƒm kinh nghiá»‡m trong lÄ©nh vá»±c phÃ¡t triá»ƒn toÃ n bá»™ VÃ²ng Ä‘á»i Pháº§n má»m cho Ã” tÃ´ vÃ  Há»‡ thá»‘ng nhÃºng, nhiá»u nÄƒm kinh nghiá»‡m vá» cÃ¡c cÃ´ng nghá»‡ SCA, Autosar, Aspice, An toÃ n chá»©c nÄƒng, An toÃ n thá»¥ Ä‘á»™ng, PhÃ¡t triá»ƒn tá»± Ä‘á»™ng hÃ³a\nâ–ªï¸ Top 20 Tráº¡ng FPT 2023; QuÃ¡n quÃ¢n cuá»™c thi NhÃ  Quáº£n trá»‹ dá»± Ã¡n tÃ i nÄƒng - PM Contest 2022 cá»§a FPT Software\nğŸŒŸ Anh Huá»³nh Thanh BÃ¬nh: Model Based Development Manager, FPT Automotive\nâ–ªï¸ Gáº§n 10 nÄƒm kinh nghiá»‡m trong lÄ©nh vá»±c Automotive, vá»›i ná»n táº£ng vá»¯ng cháº¯c vá» Model Based Development, anh BÃ¬nh lÃ  ngÆ°á»i tiÃªn phong má»Ÿ ra hÆ°á»›ng Ä‘i má»›i cho Ä‘Æ¡n vá»‹ vá»›i viá»‡c xÃ¢y dá»±ng team Model-based design, gáº·t hÃ¡i nhiá»u thÃ nh cÃ´ng lá»›n trong dá»± Ã¡n vá»›i khÃ¡ch hÃ ng HÃ n Quá»‘c\nâ–ªï¸ Top 100 cÃ¡ nhÃ¢n xuáº¥t sáº¯c nháº¥t FPT Software 2022\nÄÄ‚NG KÃ THAM GIA Tech Talk â€œDriving into the Future: Accelerating Software Defined Vehicleâ€ NGAY HÃ”M NAY Ä‘á»ƒ náº¯m láº¥y cÆ¡ há»™i Ä‘Æ°á»£c truyá»n cáº£m há»©ng vÃ  Ä‘á»‹nh hÃ¬nh tÆ°Æ¡ng lai cá»§a chÃ­nh mÃ¬nh cÃ¹ng 4 diá»…n giáº£ cá»±c xá»‹n cá»§a FPT Software báº¡n nhÃ©!\nThÃ´ng tin sá»± kiá»‡n:\nğŸ“… Thá»i gian: 9:00-11:30, Thá»© 7 ngÃ y 30/03/2024\nğŸ“ Äá»‹a Ä‘iá»ƒm: KhÃ¡ch sáº¡n New Orient, 20 Äá»‘ng Äa, phÆ°á»ng Thuáº­n PhÆ°á»›c, Quáº­n Háº£i ChÃ¢u, thÃ nh phá»‘ ÄÃ  Náºµng\nğŸ”— ÄÄƒng kÃ½ ngay: https://bit.ly/Automotive_TechTalk\nâœ… LÆ°u Ã½: Sá»‘ lÆ°á»£ng giá»›i háº¡n cho 150 báº¡n Ä‘Äƒng kÃ½ Ä‘áº§u tiÃªn!\n-----\n#FPTSoftware #FPTAutomotive #SoftwareDefinedVehicle #SDV #AcceleratingSDV",[],0,0,0,1,0,0,0,0,0,0,0,0,0,0,0,0,1,0,0,0,0,0,0,0,1,0,0,0,0,0,0,0,0,0,0,0,0,1,0,0,0,0
,[14.11.2024] @ç™»é™†è®¡åˆ’ - TransFormProject update Douyin:\nBÃ© phÃ¹ thá»§y nhá» cá»§a nhÃ  Hufflepuff Ä‘áº¿n Ä‘Ã¢y ~\n-\nÂ©ï¸: ç™»é™†è®¡åˆ’ - TransFormProject\n==================\nğŸ¦ˆ from tvhp â€¢ yyh\nğŸ¦ˆ vui lÃ²ng khÃ´ng reup,[],0,0,0,0,0,0,0,0,0,0,0,0,0,0,0,0,1,0,0,0,0,0,0,0,0,0,0,0,0,0,0,0,0,0,0,0,0,1,0,0,0,0
2860225747477719,"ChaÌ€o moÌ£i ngÆ°Æ¡Ì€i, em laÌ€ sinh viÃªn mÆ¡Ìi ra trÆ°Æ¡Ì€ng, hiÃªÌ£n Ä‘ang tiÌ€m kiÃªÌm viÃªÌ£c laÌ€m, do chÆ°a coÌ kinh nghiÃªÌ£m nÃªn khÃ´ng biÃªÌt coÌ CÃ´ng Ty tuyÃªÌ‰n khÃ´ng aÌ£? Em laÌ€m bÃªn maÌ‰ng ReactJS duÌ€ chÆ°a Ä‘Æ°Æ¡Ì£c cÆ°Ìng tay lÄƒÌm do mÆ¡Ìi bÄƒÌt Ä‘Ã¢Ì€u hoÌ£c, coÌ€n vÃªÌ€ dÆ°Ì£ aÌn thiÌ€ em coÌ laÌ€m Ä‘Æ°Æ¡Ì£c 1 dÆ°Ì£ aÌn web xem phim nhoÌ‰ bÄƒÌ€ng PHP. Mong moÌ£i ngÆ°Æ¡Ì€i giuÌp Ä‘Æ¡Ìƒ !!!",[],0,0,0,0,0,1,0,0,0,0,0,0,0,0,0,0,1,0,0,0,0,0,0,0,0,0,1,0,0,0,0,0,0,0,0,0,0,1,0,0,0,0
,[ TIKTOK | 2024.02.06 ] Káº¾ HOáº CH Háº  CÃNH - TRANSFORM PROJECT UPDATE\nCute ğŸ˜\n-------------------------\nâ¥ Credit: ç™»é™†è®¡åˆ’-TransFormProject\nâ¥ Reup by: ã€ŒPolaris' 0430ã€VNFP,[],0,0,0,0,0,0,0,0,0,0,0,0,0,0,0,0,1,0,0,0,0,0,0,0,0,0,0,0,0,0,0,0,0,0,0,0,0,1,0,0,0,0
2860154704151490,Nanobyte tuyá»ƒn Remote ANDROID Developer\nJD: https://drive.google.com/file/d/1-c1cD_A2IT_84C5S-az_QzPOgyuJx9K9/view,[],0,0,0,0,0,0,0,0,0,1,0,0,0,0,0,0,1,0,0,0,0,0,0,0,0,0,0,0,0,0,1,0,0,0,0,0,0,1,0,0,0,0
,Láº§n Ä‘áº§u Äƒn chÃ¢n gÃ  quÃ¡n nháº­u phu nhÃ¢n nhÃ  giÃ u cÃ²n bá»¡ ngá»¡\nXem nhiá»u ChÆ°Æ¡ng trÃ¬nh vÃ  Phim háº¥p dáº«n cÃ³ báº£n quyá»n chÃ­nh thá»©c táº¡i DANET - Dá»‹ch vá»¥ cung cáº¥p ná»™i dung theo yÃªu cáº§u cá»§a BHD\n#AvengersSocialClub #CauLacBoBaoThu,[],0,0,0,0,0,0,0,0,0,0,0,0,0,0,0,0,1,0,0,0,0,0,0,0,0,0,0,0,0,0,0,0,0,0,0,0,0,1,0,0,0,0
2860331314133829,"ChÃ o anh/chá»‹ áº¡, cÃ³ cÃ´ng ty nÃ o Ä‘ang cáº§n tuyá»ƒn content Marketing khÃ´ng áº¡? Em cÃ³ kinh nghiá»‡m vÃ  muá»‘n thá»­ sá»©c lÃ m trong mÃ´i trÆ°á»ng cÃ´ng nghá»‡. Em cáº£m Æ¡n",[],0,0,0,0,0,0,0,0,0,0,0,0,0,0,0,0,1,0,0,0,0,0,0,0,0,0,0,0,0,0,0,0,0,0,0,0,0,1,0,0,0,0
,:vv cha con liá»n tÃ¢m\n#tieucaca,[],0,0,0,0,0,0,0,0,0,0,0,0,0,0,0,0,0,0,0,0,0,0,0,0,0,0,0,0,0,0,0,0,0,0,0,0,0,0,0,0,0,0
2858196957680598,"TÃ¬m kiáº¿m - NhÃ  phÃ¡t triá»ƒn trÃ² chÆ¡i cao cáº¥p (Cocos) - TÄƒng $2200 Tá»•ng\nXin chÃ o cÃ¡c tÃ i nÄƒng, Fetch ráº¥t vui má»«ng thÃ´ng bÃ¡o ráº±ng chÃºng tÃ´i Ä‘ang tÃ¬m kiáº¿m Ká»¹ sÆ° #Game #Cocos cho khÃ¡ch hÃ ng cá»§a chÃºng tÃ´i, lÃ m viá»‡c vá»›i Ä‘á»™i ngÅ© nÆ°á»›c ngoÃ i.\nBáº¡n nÃ o quan tÃ¢m Ä‘áº¿n vá»‹ trÃ­ nÃ y thÃ¬ tham kháº£o thÃ´ng tin ngáº¯n gá»n dÆ°á»›i Ä‘Ã¢y vÃ  liÃªn há»‡ mÃ¬nh nhÃ©.\n- Tá»‘i thiá»ƒu 5 nÄƒm kinh nghiá»‡m trong phÃ¡t triá»ƒn trÃ² chÆ¡i, vá»›i Ã­t nháº¥t 3 nÄƒm táº­p trung vÃ o cÃ¡c dá»± Ã¡n dá»±a trÃªn Cocos.\n- ThÃ´ng tháº¡o Cocos2d-x hoáº·c Cocos Creator, vá»›i má»™t danh má»¥c cÃ¡c trÃ² chÆ¡i Ä‘Æ°á»£c phÃ¡t hÃ nh Ä‘á»ƒ giá»›i thiá»‡u.\n- Ká»¹ nÄƒng láº­p trÃ¬nh máº¡nh máº½ báº±ng C++, JavaScript, hoáº·c cÃ¡c ngÃ´n ngá»¯ cÃ³ liÃªn quan khÃ¡c Ä‘Æ°á»£c sá»­ dá»¥ng trong phÃ¡t triá»ƒn Cocos.\n- LÃ m quen vá»›i Ä‘iá»‡n thoáº¡i di Ä‘á»™ng (iOS vÃ  Android) vÃ  phÃ¡t triá»ƒn trÃ² chÆ¡i trÃªn mÃ¡y tÃ­nh.\n- Hiá»ƒu vá» cÃ¡c nguyÃªn táº¯c phÃ¡t triá»ƒn trÃ² chÆ¡i 2D vÃ  3D, bao gá»“m váº­t lÃ½, hoáº¡t hÃ¬nh vÃ  AI.\nMá»™t lá»£i tháº¿ lá»›n cáº§n cÃ³:\n- Tráº£i nghiá»‡m vá»›i cÃ¡c trÃ² chÆ¡i theo tá»· lá»‡\n- Kinh nghiá»‡m phÃ¡t triá»ƒn trÃ² chÆ¡i máº¡ng (nhiá»u ngÆ°á»i chÆ¡i).\n- Kiáº¿n thá»©c vá» cÃ¡c ngÃ´n ngá»¯ láº­p trÃ¬nh bá»• sung (Python, Lua,... ).\nJD: https://bit.ly/3V5xH6o\n---\nHÃ£y liÃªn há»‡ trá»±c tiáº¿p vá»›i tÃ´i qua Skype: thiminh0706@gmail.com hoáº·c Mail: minhdoan@fetch.tech\nÄÆ°á»£c dá»‹ch tá»« Tiáº¿ng Anh",[],1,1,1,1,0,0,0,0,0,1,0,0,1,0,0,0,1,0,0,0,0,1,1,1,1,0,0,0,0,0,1,0,0,1,0,0,0,1,0,0,0,0
,"Anh HiÃªn Ä‘ang há»c Ä‘á»ƒ thi báº±ng lÃ¡i xe rá»“i Ä‘áº¥y, em TÆ°á»ng ngá»“i cáº¡nh Ã´m vai anh nhÃ¬n anh há»c, thá»‰nh thoáº£ng cÃ²n gháº¹o anh ná»¯a cÆ¡.\ná»œm ngÃ y trÆ°á»›c em TÆ°á»ng ká»ƒ cÃ³ láº§n staff rá»§ HiÃªn thá»­ lÃ¡i xe Ä‘iá»‡n, HiÃªn HiÃªn Ä‘áº¡p ga má»™t cÃ¡i lao vÃºt Ä‘i luÃ´n, staff bÃªn cáº¡nh vá»™i vÃ ng Ä‘áº¡p phanh, nÃªn em ta báº£o muá»‘n xem anh HiÃªn...\nXem thÃªm",[],0,0,0,0,0,0,0,0,0,0,0,0,0,0,0,0,1,0,0,0,0,0,0,0,0,0,0,0,0,0,0,0,0,0,0,0,0,1,0,0,0,0
2823061017860859,"[ÄÃ€ Náº´NG - AVEPOINT VIá»†T NAM]\nHÃ¬nh áº£nh Ä‘á»“ng nghiá»‡p tÆ°Æ¡ng lai cá»§a cÃ¡c báº¡n Ä‘Ã¢u Ä‘Ã¢y ğŸ˜‚\nApply vÃ  process trÆ°á»›c táº¿t, Äƒn no cÃ¡i bá»¥ng ra táº¿t Ä‘i lÃ m nÃ¨ mn Æ¡iiii\n\nğŸ‘‰ ğ‘¶ğ’‘ğ’†ğ’ ğ’‡ğ’ğ’“ ğ‘¨ğ’ğ’ ğ’ğ’†ğ’—ğ’†ğ’ (ğ‘°ğ’ğ’•ğ’†ğ’“ğ’ ğ’‡ğ’–ğ’ğ’ğ’•ğ’Šğ’ğ’† - ğ‘´ğ’Šğ’…ğ’…ğ’ğ’†)\nğŸ“Œ ğƒğğ¯ğğ©ğ¬ ğ„ğ§ğ ğ¢ğ§ğğğ«\nğŸ“Œ ğ…ğ«ğ¨ğ§ğ­ğğ§ğ ğƒğğ¯ğğ¥ğ¨ğ©ğğ« (ğ‘ğğšğœğ­ğ‰ğ’)\nğŸ“Œ ğğšğœğ¤ğğ§ğ ğƒğğ¯ğğ¥ğ¨ğ©ğğ« (.ğğğ­, ğ¯ğšÌ‚Ìƒğ§ ğ©ğ«ğğŸğğ« ğœğšÌğœ ğ›ğšÌ£ğ§ ğœğ¨ğğ ğ‰ğšğ¯ğš ğ¦ğ¨ğ¯ğ ğªğ®ğš ğ§ğ¡ğš)\nğŸ“Œ CÃ³ kháº£ nÄƒng giao tiáº¿p tiáº¿ng Anh/ Tiáº¿ng Trung lÃ  Ä‘iá»ƒm cá»™ng ^^\nâ˜˜ï¸ Benefits:\n- Thá»­ viá»‡c full lÆ°Æ¡ng\n- 12 ngÃ y phÃ©p nÄƒm\n- BHXH full lÆ°Æ¡ng vÃ  Ä‘Ã³ng luÃ´n trong thá»i gian thá»­ viá»‡c\n- Review lÆ°Æ¡ng 2 láº§n/nÄƒm\n- XÃ©t thÆ°á»Ÿng cuá»‘i nÄƒm theo KPI\n- CÃ³ cÆ¡ há»™i Ä‘i onsite Singapore, Trung Quá»‘c\n- Cung cáº¥p laptop vÃ  thiáº¿t bá»‹ lÃ m viá»‡c\n- ÄÆ°á»£c lÃ m viá»‡c vÃ  training vá»›i cÃ¡c chuyÃªn gia Trung Quá»‘c,...\nâ˜˜ï¸ Office: VTC Academy building, 130 Äiá»‡n BiÃªn Phá»§, Thanh KhÃª, ÄN\nâ˜˜ï¸ Contact me:\n- Zalo: 0905937140 or FB Messenger\n- CV gá»­i vá»: Sandra.nguyen@avepoint.com\nHR má»Ÿ box nháº­n CV sá»‰ láº» tá»« cÃ¡c báº¡n nhaaa ^^",[],0,0,0,0,0,0,0,0,0,0,0,0,0,0,0,0,1,0,0,0,0,0,0,0,0,0,0,0,0,0,0,0,0,0,0,0,0,1,0,0,0,0
,"""Chaengie cá»§a chÃºng mÃ¬nh, hÃ£y lÃ m táº¥t cáº£ nhá»¯ng gÃ¬ mÃ  cáº­u muá»‘n nhÃ©"" Ä‘á»“ Ä‘Ã³ ğŸ’â€â™€ï¸ğŸ’â€â™€ï¸ğŸ’â€â™€ï¸",[],0,0,0,0,0,0,0,0,0,0,0,0,0,0,0,0,0,0,0,0,0,0,0,0,0,0,0,0,0,0,0,0,0,0,0,0,0,0,0,0,0,0
2860216917478602,"CÆ¡ há»™i tham gia dá»± Ã¡n outsource dÃ nh cho Freelancer trÃªn Hatonet.vn\n- Dá»… DÃ ng Tiáº¿p Cáº­n CÆ¡ Há»™i Viá»‡c LÃ m\n- TÃ¬m kiáº¿m cÃ´ng viá»‡c phÃ¹ há»£p vá»›i ká»¹ nÄƒng vÃ  sá»Ÿ thÃ­ch cá»§a mÃ¬nh mÃ  khÃ´ng gáº·p rÃ o cáº£n Ä‘á»‹a lÃ½.\n- TÃ¬m Kiáº¿m Dá»± Ãn Theo Ká»¹ NÄƒng, tá»‘i Æ°u hÃ³a cÆ¡ há»™i thÃ nh cÃ´ng vÃ  tÄƒng thu nháº­p.\n- Trá»±c tiáº¿p lÃ m viá»‡c vá»›i khÃ¡ch hÃ ng\n- Äá»™i ngÅ© há»— trá»£ káº¿t ná»‘i Ä‘áº£m báº£o\n____________________________\nZalo : https://zalo.me/hatonet\nHotline : 0888083169\nLink Ä‘Äƒng kÃ½: https://hatonet.vn/dang-ky/freelance?aff=hoangth\nWebsite: https://hatonet.vn/\n#hatonet #staffing #IT #onsite #remote",[],0,0,0,0,0,0,0,0,0,0,0,0,0,0,0,0,1,0,0,0,0,0,0,0,0,0,0,0,0,0,0,0,0,0,0,0,0,1,0,0,0,0
,Nguyá»‡n Ä‘em giáº¥u háº¿t máº¥y miáº¿ng keo dÃ­nh chuá»™t cá»§a ba Ä‘á»ƒ rÆ°á»›c em Gia Huy nÃ y vá» nhÃ  ğŸ˜\n#TFå®¶æ—\n#å·¦èˆªZH #ZuoHang #Táº£HÃ ng\n#SpaceStar,[],0,0,0,0,0,0,0,0,0,0,0,0,0,0,0,0,1,0,0,0,0,0,0,0,0,0,0,0,0,0,0,0,0,0,0,0,0,1,0,0,0,0
2857586094408351,"ÄÃ  Náºµng - Tuyá»ƒn .NET tá»« 6 thÃ¡ng kinh nghiá»‡m, 13-14 thÃ¡ng lÆ°Æ¡ng + thÆ°á»Ÿng dá»± Ã¡n. LÃ m viá»‡c tá»« t2-t6. Chi tiáº¿t inbox áº¡",[],0,0,0,0,0,0,0,0,0,0,0,0,0,0,0,0,0,0,0,0,1,0,0,0,0,0,0,0,0,0,0,0,0,0,0,0,0,0,0,0,0,1
,"TÃ­nh ra báº£y nhÃ³c nhÃ  mÃ¬nh cÃ³ má»—i Äinh Háº¡ Äƒn chua lÃ  giá»i thÃ´i cÃ²n láº¡i bÃ© nÃ o bÃ© náº¥y ngáº­m thÃ´i Ä‘Ã£ thá»Ÿ meme rá»“i ğŸ¤£\nğŸ’yÃªu thÃ­ch hoa quáº£ thuá»™c team 1, ğŸŒ™ cÄƒm thÃ¹ trÃ¡i cÃ¢y thuá»™c team 2.\nCÃ²n cÃ¡c nÃ ng thÃ¬ sao, vá» team nÃ o nÃ¨ ğŸ˜\n#cre_tiktok_smileytnt",[],0,0,0,0,0,0,0,0,0,0,0,0,0,0,0,0,1,0,0,0,0,0,0,0,0,0,0,0,0,0,0,0,0,0,0,0,0,1,0,0,0,0
2860199090813718,"Xin chÃ o má»i ngÆ°á»i, em Ä‘ang lÃ  sinh viÃªn, cÃ³ tá»± táº¡o 1 web SAAS\nHiá»‡n Ä‘Ã£ cháº¡y Ä‘Æ°á»£c 5 thÃ¡ng vÃ  doanh thu tiáº¿n triá»ƒn tá»‘t, thÃ¡ng 2 vá»«a rá»“i doanh thu ~20tr vá»›i >200 Ä‘Æ¡n\nNhÆ°ng vá» tech thÃ¬ chá»‰ cÃ³ em, cÃ²n sales thÃ¬ vÃ i báº¡n lÃ m onl\nMá»i ngÆ°á»i cÃ³ thá»ƒ hÆ°á»›ng dáº«n, gá»£i Ã½ em cÃ¡ch tÃ¬m mentor, hoáº·c network vá»›i ai Ä‘Ã³ bÃªn startup cÃ³ thá»ƒ xem qua mÃ´ hinh cá»§a em Ä‘á»ƒ liá»‡u cÃ³ thá»ƒ phÃ¡t triá»ƒn hÆ¡n khÃ´ng, em mong tÃ¬m Ä‘c network á»Ÿ ÄÃ  náºµng áº¡, em cáº£m Æ¡n.",[],0,0,0,0,0,0,0,0,0,0,0,0,0,0,0,0,1,0,0,0,0,0,0,0,0,0,0,0,0,0,0,0,0,0,0,0,0,1,0,0,0,0
